{"schema": {"fields":[{"name":"index","type":"integer"},{"name":"Experiment name","type":"string"},{"name":"AlphaStar MMR","type":"integer"},{"name":"AlphaStar race","type":"string"},{"name":"Outcome","type":"string"},{"name":"Opponent is random","type":"string"},{"name":"Account","type":"integer"},{"name":"Account game no.","type":"integer"},{"name":"AlphaStar League","type":"string"},{"name":"Opponent League","type":"string"},{"name":"Opponent race","type":"string"},{"name":"Opponent MMR","type":"integer"}],"pandas_version":"0.20.0"}, "data": [{"index":0,"Experiment name":"AlphaStar Supervised","AlphaStar MMR":-1,"AlphaStar race":"terran","Outcome":"win","Opponent is random":"No","Account":27,"Account game no.":1,"AlphaStar League":"","Opponent League":"Unranked","Opponent race":"terran","Opponent MMR":2640},{"index":1,"Experiment name":"AlphaStar Supervised","AlphaStar MMR":-1,"AlphaStar race":"terran","Outcome":"win","Opponent is random":"No","Account":27,"Account game no.":2,"AlphaStar League":"","Opponent League":"Platinum3","Opponent race":"terran","Opponent MMR":2990},{"index":2,"Experiment name":"AlphaStar Supervised","AlphaStar MMR":-1,"AlphaStar race":"terran","Outcome":"win","Opponent is random":"No","Account":27,"Account game no.":3,"AlphaStar League":"","Opponent League":"Platinum2","Opponent race":"terran","Opponent MMR":3067},{"index":3,"Experiment name":"AlphaStar Supervised","AlphaStar MMR":-1,"AlphaStar race":"terran","Outcome":"win","Opponent is random":"No","Account":27,"Account game no.":4,"AlphaStar League":"","Opponent League":"Platinum1","Opponent race":"zerg","Opponent MMR":3204},{"index":4,"Experiment name":"AlphaStar Supervised","AlphaStar MMR":3498,"AlphaStar race":"terran","Outcome":"win","Opponent is random":"No","Account":27,"Account game no.":5,"AlphaStar League":"Diamond3","Opponent League":"Diamond3","Opponent race":"protoss","Opponent MMR":3260},{"index":5,"Experiment name":"AlphaStar Supervised","AlphaStar MMR":3598,"AlphaStar race":"terran","Outcome":"win","Opponent is random":"Yes","Account":27,"Account game no.":6,"AlphaStar League":"Diamond3","Opponent League":"Unranked","Opponent race":"zerg","Opponent MMR":-1},{"index":6,"Experiment name":"AlphaStar Supervised","AlphaStar MMR":3506,"AlphaStar race":"terran","Outcome":"loss","Opponent is random":"No","Account":27,"Account game no.":7,"AlphaStar League":"Diamond3","Opponent League":"Diamond3","Opponent race":"terran","Opponent MMR":3694},{"index":7,"Experiment name":"AlphaStar Supervised","AlphaStar MMR":3606,"AlphaStar race":"terran","Outcome":"win","Opponent is random":"No","Account":27,"Account game no.":8,"AlphaStar League":"Diamond3","Opponent League":"Diamond3","Opponent race":"zerg","Opponent MMR":3533},{"index":8,"Experiment name":"AlphaStar Supervised","AlphaStar MMR":3522,"AlphaStar race":"terran","Outcome":"loss","Opponent is random":"No","Account":27,"Account game no.":9,"AlphaStar League":"Diamond3","Opponent League":"Unranked","Opponent race":"terran","Opponent MMR":3678},{"index":9,"Experiment name":"AlphaStar Supervised","AlphaStar MMR":3613,"AlphaStar race":"terran","Outcome":"win","Opponent is random":"No","Account":27,"Account game no.":10,"AlphaStar League":"Diamond3","Opponent League":"Diamond2","Opponent race":"zerg","Opponent MMR":3580},{"index":10,"Experiment name":"AlphaStar Supervised","AlphaStar MMR":3688,"AlphaStar race":"terran","Outcome":"win","Opponent is random":"No","Account":27,"Account game no.":11,"AlphaStar League":"Diamond3","Opponent League":"Diamond3","Opponent race":"zerg","Opponent MMR":3549},{"index":11,"Experiment name":"AlphaStar Supervised","AlphaStar MMR":3767,"AlphaStar race":"terran","Outcome":"win","Opponent is random":"No","Account":27,"Account game no.":12,"AlphaStar League":"Diamond3","Opponent League":"Diamond2","Opponent race":"zerg","Opponent MMR":3723},{"index":12,"Experiment name":"AlphaStar Supervised","AlphaStar MMR":3842,"AlphaStar race":"terran","Outcome":"win","Opponent is random":"No","Account":27,"Account game no.":13,"AlphaStar League":"Diamond3","Opponent League":"Diamond1","Opponent race":"protoss","Opponent MMR":3795},{"index":13,"Experiment name":"AlphaStar Supervised","AlphaStar MMR":3903,"AlphaStar race":"terran","Outcome":"win","Opponent is random":"No","Account":27,"Account game no.":14,"AlphaStar League":"Diamond3","Opponent League":"Diamond2","Opponent race":"protoss","Opponent MMR":3742},{"index":14,"Experiment name":"AlphaStar Supervised","AlphaStar MMR":3973,"AlphaStar race":"terran","Outcome":"win","Opponent is random":"No","Account":27,"Account game no.":15,"AlphaStar League":"Diamond3","Opponent League":"Diamond2","Opponent race":"zerg","Opponent MMR":3960},{"index":15,"Experiment name":"AlphaStar Supervised","AlphaStar MMR":4033,"AlphaStar race":"terran","Outcome":"win","Opponent is random":"No","Account":27,"Account game no.":16,"AlphaStar League":"Diamond3","Opponent League":"Diamond2","Opponent race":"zerg","Opponent MMR":3940},{"index":16,"Experiment name":"AlphaStar Supervised","AlphaStar MMR":4085,"AlphaStar race":"terran","Outcome":"win","Opponent is random":"No","Account":27,"Account game no.":17,"AlphaStar League":"Diamond3","Opponent League":"Diamond2","Opponent race":"zerg","Opponent MMR":3921},{"index":17,"Experiment name":"AlphaStar Supervised","AlphaStar MMR":4129,"AlphaStar race":"terran","Outcome":"win","Opponent is random":"No","Account":27,"Account game no.":18,"AlphaStar League":"Diamond3","Opponent League":"Diamond2","Opponent race":"zerg","Opponent MMR":3905},{"index":18,"Experiment name":"AlphaStar Supervised","AlphaStar MMR":4091,"AlphaStar race":"terran","Outcome":"loss","Opponent is random":"No","Account":27,"Account game no.":19,"AlphaStar League":"Diamond3","Opponent League":"Master3","Opponent race":"terran","Opponent MMR":4380},{"index":19,"Experiment name":"AlphaStar Supervised","AlphaStar MMR":4044,"AlphaStar race":"terran","Outcome":"loss","Opponent is random":"No","Account":27,"Account game no.":20,"AlphaStar League":"Diamond3","Opponent League":"Diamond1","Opponent race":"protoss","Opponent MMR":4163},{"index":20,"Experiment name":"AlphaStar Supervised","AlphaStar MMR":3996,"AlphaStar race":"terran","Outcome":"loss","Opponent is random":"No","Account":27,"Account game no.":21,"AlphaStar League":"Diamond3","Opponent League":"Diamond1","Opponent race":"zerg","Opponent MMR":4091},{"index":21,"Experiment name":"AlphaStar Supervised","AlphaStar MMR":3948,"AlphaStar race":"terran","Outcome":"loss","Opponent is random":"No","Account":27,"Account game no.":22,"AlphaStar League":"Diamond3","Opponent League":"Diamond2","Opponent race":"terran","Opponent MMR":4005},{"index":22,"Experiment name":"AlphaStar Supervised","AlphaStar MMR":3989,"AlphaStar race":"terran","Outcome":"win","Opponent is random":"No","Account":27,"Account game no.":23,"AlphaStar League":"Diamond3","Opponent League":"Master3","Opponent race":"terran","Opponent MMR":3843},{"index":23,"Experiment name":"AlphaStar Supervised","AlphaStar MMR":3944,"AlphaStar race":"terran","Outcome":"loss","Opponent is random":"No","Account":27,"Account game no.":24,"AlphaStar League":"Diamond3","Opponent League":"Diamond2","Opponent race":"zerg","Opponent MMR":4008},{"index":24,"Experiment name":"AlphaStar Supervised","AlphaStar MMR":3990,"AlphaStar race":"terran","Outcome":"win","Opponent is random":"No","Account":27,"Account game no.":25,"AlphaStar League":"Diamond3","Opponent League":"Diamond2","Opponent race":"zerg","Opponent MMR":3970},{"index":25,"Experiment name":"AlphaStar Supervised","AlphaStar MMR":4032,"AlphaStar race":"terran","Outcome":"win","Opponent is random":"No","Account":27,"Account game no.":26,"AlphaStar League":"Diamond3","Opponent League":"Unranked","Opponent race":"protoss","Opponent MMR":-1},{"index":26,"Experiment name":"AlphaStar Supervised","AlphaStar MMR":3993,"AlphaStar race":"terran","Outcome":"loss","Opponent is random":"No","Account":27,"Account game no.":27,"AlphaStar League":"Diamond3","Opponent League":"Diamond2","Opponent race":"protoss","Opponent MMR":4077},{"index":27,"Experiment name":"AlphaStar Supervised","AlphaStar MMR":3952,"AlphaStar race":"terran","Outcome":"loss","Opponent is random":"No","Account":27,"Account game no.":28,"AlphaStar League":"Diamond3","Opponent League":"Diamond1","Opponent race":"zerg","Opponent MMR":3992},{"index":28,"Experiment name":"AlphaStar Supervised","AlphaStar MMR":3912,"AlphaStar race":"terran","Outcome":"loss","Opponent is random":"No","Account":27,"Account game no.":29,"AlphaStar League":"Diamond3","Opponent League":"Diamond3","Opponent race":"terran","Opponent MMR":3951},{"index":29,"Experiment name":"AlphaStar Supervised","AlphaStar MMR":3947,"AlphaStar race":"terran","Outcome":"win","Opponent is random":"No","Account":27,"Account game no.":30,"AlphaStar League":"Diamond3","Opponent League":"Master3","Opponent race":"protoss","Opponent MMR":3847},{"index":30,"Experiment name":"AlphaStar Supervised","AlphaStar MMR":-1,"AlphaStar race":"zerg","Outcome":"win","Opponent is random":"No","Account":28,"Account game no.":1,"AlphaStar League":"","Opponent League":"Gold1","Opponent race":"protoss","Opponent MMR":2760},{"index":31,"Experiment name":"AlphaStar Supervised","AlphaStar MMR":-1,"AlphaStar race":"zerg","Outcome":"win","Opponent is random":"No","Account":28,"Account game no.":2,"AlphaStar League":"","Opponent League":"Platinum3","Opponent race":"zerg","Opponent MMR":2922},{"index":32,"Experiment name":"AlphaStar Supervised","AlphaStar MMR":-1,"AlphaStar race":"zerg","Outcome":"loss","Opponent is random":"No","Account":28,"Account game no.":3,"AlphaStar League":"","Opponent League":"Platinum2","Opponent race":"zerg","Opponent MMR":3156},{"index":33,"Experiment name":"AlphaStar Supervised","AlphaStar MMR":-1,"AlphaStar race":"zerg","Outcome":"win","Opponent is random":"Yes","Account":28,"Account game no.":4,"AlphaStar League":"","Opponent League":"Platinum3","Opponent race":"terran","Opponent MMR":2983},{"index":34,"Experiment name":"AlphaStar Supervised","AlphaStar MMR":3231,"AlphaStar race":"zerg","Outcome":"win","Opponent is random":"No","Account":28,"Account game no.":5,"AlphaStar League":"Platinum1","Opponent League":"Platinum1","Opponent race":"zerg","Opponent MMR":3053},{"index":35,"Experiment name":"AlphaStar Supervised","AlphaStar MMR":3339,"AlphaStar race":"zerg","Outcome":"win","Opponent is random":"No","Account":28,"Account game no.":6,"AlphaStar League":"Platinum1","Opponent League":"Gold1","Opponent race":"zerg","Opponent MMR":3208},{"index":36,"Experiment name":"AlphaStar Supervised","AlphaStar MMR":3236,"AlphaStar race":"zerg","Outcome":"loss","Opponent is random":"No","Account":28,"Account game no.":7,"AlphaStar League":"Platinum1","Opponent League":"Diamond3","Opponent race":"protoss","Opponent MMR":3333},{"index":37,"Experiment name":"AlphaStar Supervised","AlphaStar MMR":3325,"AlphaStar race":"zerg","Outcome":"win","Opponent is random":"No","Account":28,"Account game no.":8,"AlphaStar League":"Platinum1","Opponent League":"Diamond3","Opponent race":"terran","Opponent MMR":3184},{"index":38,"Experiment name":"AlphaStar Supervised","AlphaStar MMR":3403,"AlphaStar race":"zerg","Outcome":"win","Opponent is random":"No","Account":28,"Account game no.":9,"AlphaStar League":"Platinum1","Opponent League":"Diamond3","Opponent race":"zerg","Opponent MMR":3227},{"index":39,"Experiment name":"AlphaStar Supervised","AlphaStar MMR":3490,"AlphaStar race":"zerg","Outcome":"win","Opponent is random":"No","Account":28,"Account game no.":10,"AlphaStar League":"Platinum1","Opponent League":"Diamond3","Opponent race":"terran","Opponent MMR":3428},{"index":40,"Experiment name":"AlphaStar Supervised","AlphaStar MMR":3553,"AlphaStar race":"zerg","Outcome":"win","Opponent is random":"Yes","Account":28,"Account game no.":11,"AlphaStar League":"Platinum1","Opponent League":"Unranked","Opponent race":"protoss","Opponent MMR":-1},{"index":41,"Experiment name":"AlphaStar Supervised","AlphaStar MMR":3491,"AlphaStar race":"zerg","Outcome":"loss","Opponent is random":"No","Account":28,"Account game no.":12,"AlphaStar League":"Platinum1","Opponent League":"Unranked","Opponent race":"protoss","Opponent MMR":-1},{"index":42,"Experiment name":"AlphaStar Supervised","AlphaStar MMR":3561,"AlphaStar race":"zerg","Outcome":"win","Opponent is random":"No","Account":28,"Account game no.":13,"AlphaStar League":"Platinum1","Opponent League":"Unranked","Opponent race":"zerg","Opponent MMR":3478},{"index":43,"Experiment name":"AlphaStar Supervised","AlphaStar MMR":3496,"AlphaStar race":"zerg","Outcome":"loss","Opponent is random":"No","Account":28,"Account game no.":14,"AlphaStar League":"Platinum1","Opponent League":"Unranked","Opponent race":"protoss","Opponent MMR":3597},{"index":44,"Experiment name":"AlphaStar Supervised","AlphaStar MMR":3434,"AlphaStar race":"zerg","Outcome":"loss","Opponent is random":"Yes","Account":28,"Account game no.":15,"AlphaStar League":"Platinum1","Opponent League":"Diamond2","Opponent race":"zerg","Opponent MMR":3530},{"index":45,"Experiment name":"AlphaStar Supervised","AlphaStar MMR":3498,"AlphaStar race":"zerg","Outcome":"win","Opponent is random":"No","Account":28,"Account game no.":16,"AlphaStar League":"Platinum1","Opponent League":"Unranked","Opponent race":"protoss","Opponent MMR":3458},{"index":46,"Experiment name":"AlphaStar Supervised","AlphaStar MMR":3441,"AlphaStar race":"zerg","Outcome":"loss","Opponent is random":"No","Account":28,"Account game no.":17,"AlphaStar League":"Platinum1","Opponent League":"Diamond3","Opponent race":"zerg","Opponent MMR":3536},{"index":47,"Experiment name":"AlphaStar Supervised","AlphaStar MMR":3488,"AlphaStar race":"zerg","Outcome":"win","Opponent is random":"No","Account":28,"Account game no.":18,"AlphaStar League":"Platinum1","Opponent League":"Diamond3","Opponent race":"terran","Opponent MMR":3300},{"index":48,"Experiment name":"AlphaStar Supervised","AlphaStar MMR":3440,"AlphaStar race":"zerg","Outcome":"loss","Opponent is random":"No","Account":28,"Account game no.":19,"AlphaStar League":"Platinum1","Opponent League":"Diamond2","Opponent race":"terran","Opponent MMR":3572},{"index":49,"Experiment name":"AlphaStar Supervised","AlphaStar MMR":3489,"AlphaStar race":"zerg","Outcome":"win","Opponent is random":"Yes","Account":28,"Account game no.":20,"AlphaStar League":"Platinum1","Opponent League":"Diamond3","Opponent race":"protoss","Opponent MMR":3396},{"index":50,"Experiment name":"AlphaStar Supervised","AlphaStar MMR":3536,"AlphaStar race":"zerg","Outcome":"win","Opponent is random":"No","Account":28,"Account game no.":21,"AlphaStar League":"Platinum1","Opponent League":"Unranked","Opponent race":"terran","Opponent MMR":3444},{"index":51,"Experiment name":"AlphaStar Supervised","AlphaStar MMR":3584,"AlphaStar race":"zerg","Outcome":"win","Opponent is random":"No","Account":28,"Account game no.":22,"AlphaStar League":"Platinum1","Opponent League":"Diamond1","Opponent race":"terran","Opponent MMR":3517},{"index":52,"Experiment name":"AlphaStar Supervised","AlphaStar MMR":3542,"AlphaStar race":"zerg","Outcome":"loss","Opponent is random":"No","Account":28,"Account game no.":23,"AlphaStar League":"Platinum1","Opponent League":"Diamond3","Opponent race":"zerg","Opponent MMR":3664},{"index":53,"Experiment name":"AlphaStar Supervised","AlphaStar MMR":3585,"AlphaStar race":"zerg","Outcome":"win","Opponent is random":"No","Account":28,"Account game no.":24,"AlphaStar League":"Platinum1","Opponent League":"Diamond3","Opponent race":"terran","Opponent MMR":3510},{"index":54,"Experiment name":"AlphaStar Supervised","AlphaStar MMR":3629,"AlphaStar race":"zerg","Outcome":"win","Opponent is random":"Yes","Account":28,"Account game no.":25,"AlphaStar League":"Platinum1","Opponent League":"Diamond2","Opponent race":"zerg","Opponent MMR":3583},{"index":55,"Experiment name":"AlphaStar Supervised","AlphaStar MMR":3675,"AlphaStar race":"zerg","Outcome":"win","Opponent is random":"Yes","Account":28,"Account game no.":26,"AlphaStar League":"Platinum1","Opponent League":"Diamond2","Opponent race":"terran","Opponent MMR":3697},{"index":56,"Experiment name":"AlphaStar Supervised","AlphaStar MMR":3635,"AlphaStar race":"zerg","Outcome":"loss","Opponent is random":"No","Account":28,"Account game no.":27,"AlphaStar League":"Platinum1","Opponent League":"Diamond2","Opponent race":"terran","Opponent MMR":3698},{"index":57,"Experiment name":"AlphaStar Supervised","AlphaStar MMR":3600,"AlphaStar race":"zerg","Outcome":"loss","Opponent is random":"No","Account":28,"Account game no.":28,"AlphaStar League":"Platinum1","Opponent League":"Diamond2","Opponent race":"protoss","Opponent MMR":3747},{"index":58,"Experiment name":"AlphaStar Supervised","AlphaStar MMR":3645,"AlphaStar race":"zerg","Outcome":"win","Opponent is random":"No","Account":28,"Account game no.":29,"AlphaStar League":"Platinum1","Opponent League":"Diamond2","Opponent race":"zerg","Opponent MMR":3699},{"index":59,"Experiment name":"AlphaStar Supervised","AlphaStar MMR":3607,"AlphaStar race":"zerg","Outcome":"loss","Opponent is random":"No","Account":28,"Account game no.":30,"AlphaStar League":"Platinum1","Opponent League":"Diamond3","Opponent race":"terran","Opponent MMR":3660},{"index":60,"Experiment name":"AlphaStar Supervised","AlphaStar MMR":-1,"AlphaStar race":"protoss","Outcome":"win","Opponent is random":"No","Account":29,"Account game no.":1,"AlphaStar League":"","Opponent League":"Platinum3","Opponent race":"terran","Opponent MMR":2796},{"index":61,"Experiment name":"AlphaStar Supervised","AlphaStar MMR":-1,"AlphaStar race":"protoss","Outcome":"win","Opponent is random":"No","Account":29,"Account game no.":2,"AlphaStar League":"","Opponent League":"Unranked","Opponent race":"zerg","Opponent MMR":3059},{"index":62,"Experiment name":"AlphaStar Supervised","AlphaStar MMR":-1,"AlphaStar race":"protoss","Outcome":"loss","Opponent is random":"No","Account":29,"Account game no.":3,"AlphaStar League":"","Opponent League":"Platinum2","Opponent race":"terran","Opponent MMR":3081},{"index":63,"Experiment name":"AlphaStar Supervised","AlphaStar MMR":-1,"AlphaStar race":"protoss","Outcome":"win","Opponent is random":"No","Account":29,"Account game no.":4,"AlphaStar League":"","Opponent League":"Unranked","Opponent race":"protoss","Opponent MMR":-1},{"index":64,"Experiment name":"AlphaStar Supervised","AlphaStar MMR":3251,"AlphaStar race":"protoss","Outcome":"win","Opponent is random":"No","Account":28,"Account game no.":5,"AlphaStar League":"Platinum1","Opponent League":"Platinum1","Opponent race":"zerg","Opponent MMR":3078},{"index":65,"Experiment name":"AlphaStar Supervised","AlphaStar MMR":3357,"AlphaStar race":"protoss","Outcome":"win","Opponent is random":"No","Account":29,"Account game no.":6,"AlphaStar League":"Platinum1","Opponent League":"Platinum1","Opponent race":"terran","Opponent MMR":3200},{"index":66,"Experiment name":"AlphaStar Supervised","AlphaStar MMR":3254,"AlphaStar race":"protoss","Outcome":"loss","Opponent is random":"No","Account":29,"Account game no.":7,"AlphaStar League":"Platinum1","Opponent League":"Platinum3","Opponent race":"zerg","Opponent MMR":3375},{"index":67,"Experiment name":"AlphaStar Supervised","AlphaStar MMR":3357,"AlphaStar race":"protoss","Outcome":"win","Opponent is random":"No","Account":29,"Account game no.":8,"AlphaStar League":"Platinum1","Opponent League":"Diamond3","Opponent race":"zerg","Opponent MMR":3302},{"index":68,"Experiment name":"AlphaStar Supervised","AlphaStar MMR":3443,"AlphaStar race":"protoss","Outcome":"win","Opponent is random":"No","Account":29,"Account game no.":9,"AlphaStar League":"Platinum3","Opponent League":"Diamond3","Opponent race":"terran","Opponent MMR":3312},{"index":69,"Experiment name":"AlphaStar Supervised","AlphaStar MMR":3531,"AlphaStar race":"protoss","Outcome":"win","Opponent is random":"No","Account":29,"Account game no.":10,"AlphaStar League":"Platinum1","Opponent League":"Diamond3","Opponent race":"zerg","Opponent MMR":3454},{"index":70,"Experiment name":"AlphaStar Supervised","AlphaStar MMR":3467,"AlphaStar race":"protoss","Outcome":"loss","Opponent is random":"No","Account":29,"Account game no.":11,"AlphaStar League":"Platinum1","Opponent League":"Diamond2","Opponent race":"protoss","Opponent MMR":3698},{"index":71,"Experiment name":"AlphaStar Supervised","AlphaStar MMR":3389,"AlphaStar race":"protoss","Outcome":"loss","Opponent is random":"No","Account":29,"Account game no.":12,"AlphaStar League":"Platinum1","Opponent League":"Diamond3","Opponent race":"zerg","Opponent MMR":0},{"index":72,"Experiment name":"AlphaStar Supervised","AlphaStar MMR":3457,"AlphaStar race":"protoss","Outcome":"win","Opponent is random":"No","Account":29,"Account game no.":13,"AlphaStar League":"Platinum1","Opponent League":"Diamond3","Opponent race":"zerg","Opponent MMR":3343},{"index":73,"Experiment name":"AlphaStar Supervised","AlphaStar MMR":3521,"AlphaStar race":"protoss","Outcome":"win","Opponent is random":"No","Account":29,"Account game no.":14,"AlphaStar League":"Platinum1","Opponent League":"Diamond3","Opponent race":"zerg","Opponent MMR":3406},{"index":74,"Experiment name":"AlphaStar Supervised","AlphaStar MMR":3581,"AlphaStar race":"protoss","Outcome":"win","Opponent is random":"No","Account":29,"Account game no.":15,"AlphaStar League":"Platinum1","Opponent League":"Platinum1","Opponent race":"protoss","Opponent MMR":3459},{"index":75,"Experiment name":"AlphaStar Supervised","AlphaStar MMR":3520,"AlphaStar race":"protoss","Outcome":"loss","Opponent is random":"No","Account":29,"Account game no.":16,"AlphaStar League":"Platinum1","Opponent League":"Diamond3","Opponent race":"terran","Opponent MMR":3600},{"index":76,"Experiment name":"AlphaStar Supervised","AlphaStar MMR":3584,"AlphaStar race":"protoss","Outcome":"win","Opponent is random":"No","Account":29,"Account game no.":17,"AlphaStar League":"Platinum1","Opponent League":"Diamond3","Opponent race":"terran","Opponent MMR":3578},{"index":77,"Experiment name":"AlphaStar Supervised","AlphaStar MMR":3635,"AlphaStar race":"protoss","Outcome":"win","Opponent is random":"No","Account":29,"Account game no.":18,"AlphaStar League":"Platinum1","Opponent League":"Diamond3","Opponent race":"terran","Opponent MMR":3489},{"index":78,"Experiment name":"AlphaStar Supervised","AlphaStar MMR":3585,"AlphaStar race":"protoss","Outcome":"loss","Opponent is random":"Yes","Account":29,"Account game no.":19,"AlphaStar League":"Platinum1","Opponent League":"Diamond3","Opponent race":"terran","Opponent MMR":3718},{"index":79,"Experiment name":"AlphaStar Supervised","AlphaStar MMR":3637,"AlphaStar race":"protoss","Outcome":"win","Opponent is random":"No","Account":29,"Account game no.":20,"AlphaStar League":"Platinum1","Opponent League":"Diamond2","Opponent race":"zerg","Opponent MMR":3570},{"index":80,"Experiment name":"AlphaStar Supervised","AlphaStar MMR":3588,"AlphaStar race":"protoss","Outcome":"loss","Opponent is random":"No","Account":29,"Account game no.":21,"AlphaStar League":"Platinum1","Opponent League":"Unranked","Opponent race":"zerg","Opponent MMR":3672},{"index":81,"Experiment name":"AlphaStar Supervised","AlphaStar MMR":3633,"AlphaStar race":"protoss","Outcome":"win","Opponent is random":"No","Account":29,"Account game no.":22,"AlphaStar League":"Platinum1","Opponent League":"Diamond3","Opponent race":"terran","Opponent MMR":3513},{"index":82,"Experiment name":"AlphaStar Supervised","AlphaStar MMR":3587,"AlphaStar race":"protoss","Outcome":"loss","Opponent is random":"Yes","Account":29,"Account game no.":23,"AlphaStar League":"Platinum1","Opponent League":"Diamond2","Opponent race":"zerg","Opponent MMR":3651},{"index":83,"Experiment name":"AlphaStar Supervised","AlphaStar MMR":3627,"AlphaStar race":"protoss","Outcome":"win","Opponent is random":"No","Account":29,"Account game no.":24,"AlphaStar League":"Platinum1","Opponent League":"Diamond2","Opponent race":"terran","Opponent MMR":3495},{"index":84,"Experiment name":"AlphaStar Supervised","AlphaStar MMR":3582,"AlphaStar race":"protoss","Outcome":"loss","Opponent is random":"No","Account":29,"Account game no.":25,"AlphaStar League":"Platinum1","Opponent League":"Diamond3","Opponent race":"protoss","Opponent MMR":3613},{"index":85,"Experiment name":"AlphaStar Supervised","AlphaStar MMR":3544,"AlphaStar race":"protoss","Outcome":"loss","Opponent is random":"Yes","Account":29,"Account game no.":26,"AlphaStar League":"Platinum1","Opponent League":"Diamond3","Opponent race":"zerg","Opponent MMR":3677},{"index":86,"Experiment name":"AlphaStar Supervised","AlphaStar MMR":3586,"AlphaStar race":"protoss","Outcome":"win","Opponent is random":"No","Account":29,"Account game no.":27,"AlphaStar League":"Platinum1","Opponent League":"Diamond3","Opponent race":"zerg","Opponent MMR":3540},{"index":87,"Experiment name":"AlphaStar Supervised","AlphaStar MMR":3633,"AlphaStar race":"protoss","Outcome":"win","Opponent is random":"No","Account":29,"Account game no.":28,"AlphaStar League":"Platinum1","Opponent League":"Diamond2","Opponent race":"terran","Opponent MMR":3700},{"index":88,"Experiment name":"AlphaStar Supervised","AlphaStar MMR":3593,"AlphaStar race":"protoss","Outcome":"loss","Opponent is random":"No","Account":29,"Account game no.":29,"AlphaStar League":"Platinum1","Opponent League":"Diamond2","Opponent race":"protoss","Opponent MMR":3642},{"index":89,"Experiment name":"AlphaStar Supervised","AlphaStar MMR":3544,"AlphaStar race":"protoss","Outcome":"loss","Opponent is random":"No","Account":29,"Account game no.":30,"AlphaStar League":"Platinum1","Opponent League":"Unranked","Opponent race":"terran","Opponent MMR":3586},{"index":0,"Experiment name":"AlphaStar Mid","AlphaStar MMR":-1,"AlphaStar race":"terran","Outcome":"win","Opponent is random":"No","Account":32,"Account game no.":1,"AlphaStar League":"","Opponent League":"Gold1","Opponent race":"zerg","Opponent MMR":2863},{"index":1,"Experiment name":"AlphaStar Mid","AlphaStar MMR":-1,"AlphaStar race":"terran","Outcome":"win","Opponent is random":"No","Account":32,"Account game no.":2,"AlphaStar League":"","Opponent League":"Platinum2","Opponent race":"zerg","Opponent MMR":3060},{"index":2,"Experiment name":"AlphaStar Mid","AlphaStar MMR":-1,"AlphaStar race":"terran","Outcome":"win","Opponent is random":"No","Account":32,"Account game no.":3,"AlphaStar League":"","Opponent League":"Diamond3","Opponent race":"terran","Opponent MMR":3200},{"index":3,"Experiment name":"AlphaStar Mid","AlphaStar MMR":-1,"AlphaStar race":"terran","Outcome":"win","Opponent is random":"No","Account":32,"Account game no.":4,"AlphaStar League":"","Opponent League":"Platinum1","Opponent race":"terran","Opponent MMR":3301},{"index":4,"Experiment name":"AlphaStar Mid","AlphaStar MMR":3553,"AlphaStar race":"terran","Outcome":"win","Opponent is random":"No","Account":32,"Account game no.":5,"AlphaStar League":"Diamond3","Opponent League":"Diamond3","Opponent race":"protoss","Opponent MMR":3344},{"index":5,"Experiment name":"AlphaStar Mid","AlphaStar MMR":3673,"AlphaStar race":"terran","Outcome":"win","Opponent is random":"Yes","Account":32,"Account game no.":6,"AlphaStar League":"Diamond3","Opponent League":"Diamond2","Opponent race":"protoss","Opponent MMR":3612},{"index":6,"Experiment name":"AlphaStar Mid","AlphaStar MMR":3779,"AlphaStar race":"terran","Outcome":"win","Opponent is random":"No","Account":32,"Account game no.":7,"AlphaStar League":"Diamond2","Opponent League":"Diamond2","Opponent race":"protoss","Opponent MMR":3688},{"index":7,"Experiment name":"AlphaStar Mid","AlphaStar MMR":3884,"AlphaStar race":"terran","Outcome":"win","Opponent is random":"No","Account":32,"Account game no.":8,"AlphaStar League":"Diamond2","Opponent League":"Diamond2","Opponent race":"terran","Opponent MMR":3839},{"index":8,"Experiment name":"AlphaStar Mid","AlphaStar MMR":3967,"AlphaStar race":"terran","Outcome":"win","Opponent is random":"No","Account":32,"Account game no.":9,"AlphaStar League":"Diamond2","Opponent League":"Unranked","Opponent race":"zerg","Opponent MMR":3821},{"index":9,"Experiment name":"AlphaStar Mid","AlphaStar MMR":4067,"AlphaStar race":"terran","Outcome":"win","Opponent is random":"No","Account":32,"Account game no.":10,"AlphaStar League":"Diamond1","Opponent League":"Unranked","Opponent race":"protoss","Opponent MMR":4093},{"index":10,"Experiment name":"AlphaStar Mid","AlphaStar MMR":3997,"AlphaStar race":"terran","Outcome":"loss","Opponent is random":"No","Account":32,"Account game no.":11,"AlphaStar League":"Diamond1","Opponent League":"Diamond1","Opponent race":"terran","Opponent MMR":4181},{"index":11,"Experiment name":"AlphaStar Mid","AlphaStar MMR":4054,"AlphaStar race":"terran","Outcome":"win","Opponent is random":"No","Account":32,"Account game no.":12,"AlphaStar League":"Diamond1","Opponent League":"Diamond2","Opponent race":"terran","Opponent MMR":3786},{"index":12,"Experiment name":"AlphaStar Mid","AlphaStar MMR":4109,"AlphaStar race":"terran","Outcome":"win","Opponent is random":"No","Account":32,"Account game no.":13,"AlphaStar League":"Diamond1","Opponent League":"Diamond2","Opponent race":"protoss","Opponent MMR":3863},{"index":13,"Experiment name":"AlphaStar Mid","AlphaStar MMR":4171,"AlphaStar race":"terran","Outcome":"win","Opponent is random":"No","Account":32,"Account game no.":14,"AlphaStar League":"Diamond1","Opponent League":"Diamond1","Opponent race":"zerg","Opponent MMR":4037},{"index":14,"Experiment name":"AlphaStar Mid","AlphaStar MMR":4119,"AlphaStar race":"terran","Outcome":"loss","Opponent is random":"No","Account":32,"Account game no.":15,"AlphaStar League":"Diamond1","Opponent League":"Diamond1","Opponent race":"protoss","Opponent MMR":4334},{"index":15,"Experiment name":"AlphaStar Mid","AlphaStar MMR":4176,"AlphaStar race":"terran","Outcome":"win","Opponent is random":"No","Account":32,"Account game no.":16,"AlphaStar League":"Diamond1","Opponent League":"Diamond1","Opponent race":"protoss","Opponent MMR":4055},{"index":16,"Experiment name":"AlphaStar Mid","AlphaStar MMR":4222,"AlphaStar race":"terran","Outcome":"win","Opponent is random":"No","Account":32,"Account game no.":17,"AlphaStar League":"Diamond1","Opponent League":"Diamond2","Opponent race":"terran","Opponent MMR":4006},{"index":17,"Experiment name":"AlphaStar Mid","AlphaStar MMR":4281,"AlphaStar race":"terran","Outcome":"win","Opponent is random":"No","Account":32,"Account game no.":18,"AlphaStar League":"Diamond1","Opponent League":"Diamond1","Opponent race":"protoss","Opponent MMR":4257},{"index":18,"Experiment name":"AlphaStar Mid","AlphaStar MMR":4344,"AlphaStar race":"terran","Outcome":"win","Opponent is random":"No","Account":32,"Account game no.":19,"AlphaStar League":"Diamond1","Opponent League":"Master3","Opponent race":"protoss","Opponent MMR":4405},{"index":19,"Experiment name":"AlphaStar Mid","AlphaStar MMR":4416,"AlphaStar race":"terran","Outcome":"win","Opponent is random":"No","Account":32,"Account game no.":20,"AlphaStar League":"Diamond1","Opponent League":"Unranked","Opponent race":"protoss","Opponent MMR":4589},{"index":20,"Experiment name":"AlphaStar Mid","AlphaStar MMR":4476,"AlphaStar race":"terran","Outcome":"win","Opponent is random":"No","Account":32,"Account game no.":21,"AlphaStar League":"Master3","Opponent League":"Master2","Opponent race":"terran","Opponent MMR":4546},{"index":21,"Experiment name":"AlphaStar Mid","AlphaStar MMR":4522,"AlphaStar race":"terran","Outcome":"win","Opponent is random":"No","Account":32,"Account game no.":22,"AlphaStar League":"Master3","Opponent League":"Master3","Opponent race":"terran","Opponent MMR":4409},{"index":22,"Experiment name":"AlphaStar Mid","AlphaStar MMR":4585,"AlphaStar race":"terran","Outcome":"win","Opponent is random":"No","Account":32,"Account game no.":23,"AlphaStar League":"Master3","Opponent League":"Master2","Opponent race":"terran","Opponent MMR":4737},{"index":23,"Experiment name":"AlphaStar Mid","AlphaStar MMR":4628,"AlphaStar race":"terran","Outcome":"win","Opponent is random":"No","Account":32,"Account game no.":24,"AlphaStar League":"Master3","Opponent League":"Master2","Opponent race":"zerg","Opponent MMR":4512},{"index":24,"Experiment name":"AlphaStar Mid","AlphaStar MMR":4679,"AlphaStar race":"terran","Outcome":"win","Opponent is random":"No","Account":32,"Account game no.":25,"AlphaStar League":"Master2","Opponent League":"Master1","Opponent race":"zerg","Opponent MMR":4716},{"index":25,"Experiment name":"AlphaStar Mid","AlphaStar MMR":4727,"AlphaStar race":"terran","Outcome":"win","Opponent is random":"No","Account":32,"Account game no.":26,"AlphaStar League":"Master2","Opponent League":"Master2","Opponent race":"zerg","Opponent MMR":4741},{"index":26,"Experiment name":"AlphaStar Mid","AlphaStar MMR":4761,"AlphaStar race":"terran","Outcome":"win","Opponent is random":"No","Account":32,"Account game no.":27,"AlphaStar League":"Master2","Opponent League":"Master3","Opponent race":"protoss","Opponent MMR":4547},{"index":27,"Experiment name":"AlphaStar Mid","AlphaStar MMR":4804,"AlphaStar race":"terran","Outcome":"win","Opponent is random":"No","Account":32,"Account game no.":28,"AlphaStar League":"Master2","Opponent League":"Master1","Opponent race":"protoss","Opponent MMR":4782},{"index":28,"Experiment name":"AlphaStar Mid","AlphaStar MMR":4775,"AlphaStar race":"terran","Outcome":"loss","Opponent is random":"No","Account":32,"Account game no.":29,"AlphaStar League":"Master2","Opponent League":"Master1","Opponent race":"terran","Opponent MMR":5032},{"index":29,"Experiment name":"AlphaStar Mid","AlphaStar MMR":4821,"AlphaStar race":"terran","Outcome":"win","Opponent is random":"No","Account":32,"Account game no.":30,"AlphaStar League":"Master2","Opponent League":"Master1","Opponent race":"zerg","Opponent MMR":4897},{"index":30,"Experiment name":"AlphaStar Mid","AlphaStar MMR":4892,"AlphaStar race":"terran","Outcome":"win","Opponent is random":"No","Account":32,"Account game no.":31,"AlphaStar League":"Master1","Opponent League":"Master1","Opponent race":"protoss","Opponent MMR":5380},{"index":31,"Experiment name":"AlphaStar Mid","AlphaStar MMR":4926,"AlphaStar race":"terran","Outcome":"win","Opponent is random":"No","Account":32,"Account game no.":32,"AlphaStar League":"Master1","Opponent League":"Master2","Opponent race":"terran","Opponent MMR":4787},{"index":32,"Experiment name":"AlphaStar Mid","AlphaStar MMR":4991,"AlphaStar race":"terran","Outcome":"win","Opponent is random":"No","Account":32,"Account game no.":33,"AlphaStar League":"Master1","Opponent League":"Master1","Opponent race":"zerg","Opponent MMR":5405},{"index":33,"Experiment name":"AlphaStar Mid","AlphaStar MMR":5041,"AlphaStar race":"terran","Outcome":"win","Opponent is random":"No","Account":32,"Account game no.":34,"AlphaStar League":"Master1","Opponent League":"Master1","Opponent race":"protoss","Opponent MMR":5213},{"index":34,"Experiment name":"AlphaStar Mid","AlphaStar MMR":5083,"AlphaStar race":"terran","Outcome":"win","Opponent is random":"No","Account":32,"Account game no.":35,"AlphaStar League":"Master1","Opponent League":"Master1","Opponent race":"zerg","Opponent MMR":5117},{"index":35,"Experiment name":"AlphaStar Mid","AlphaStar MMR":5130,"AlphaStar race":"terran","Outcome":"win","Opponent is random":"No","Account":32,"Account game no.":36,"AlphaStar League":"Master1","Opponent League":"Master1","Opponent race":"terran","Opponent MMR":5357},{"index":36,"Experiment name":"AlphaStar Mid","AlphaStar MMR":5186,"AlphaStar race":"terran","Outcome":"win","Opponent is random":"No","Account":32,"Account game no.":37,"AlphaStar League":"Master1","Opponent League":"Master1","Opponent race":"zerg","Opponent MMR":5418},{"index":37,"Experiment name":"AlphaStar Mid","AlphaStar MMR":5226,"AlphaStar race":"terran","Outcome":"win","Opponent is random":"No","Account":32,"Account game no.":38,"AlphaStar League":"Master1","Opponent League":"Master1","Opponent race":"zerg","Opponent MMR":5261},{"index":38,"Experiment name":"AlphaStar Mid","AlphaStar MMR":5253,"AlphaStar race":"terran","Outcome":"win","Opponent is random":"No","Account":32,"Account game no.":39,"AlphaStar League":"Master1","Opponent League":"Master1","Opponent race":"protoss","Opponent MMR":5048},{"index":39,"Experiment name":"AlphaStar Mid","AlphaStar MMR":5214,"AlphaStar race":"terran","Outcome":"loss","Opponent is random":"No","Account":32,"Account game no.":40,"AlphaStar League":"Master1","Opponent League":"Master1","Opponent race":"zerg","Opponent MMR":5156},{"index":40,"Experiment name":"AlphaStar Mid","AlphaStar MMR":5246,"AlphaStar race":"terran","Outcome":"win","Opponent is random":"No","Account":32,"Account game no.":41,"AlphaStar League":"Master1","Opponent League":"Master1","Opponent race":"protoss","Opponent MMR":5164},{"index":41,"Experiment name":"AlphaStar Mid","AlphaStar MMR":5267,"AlphaStar race":"terran","Outcome":"win","Opponent is random":"No","Account":32,"Account game no.":42,"AlphaStar League":"Master1","Opponent League":"Master1","Opponent race":"protoss","Opponent MMR":4961},{"index":42,"Experiment name":"AlphaStar Mid","AlphaStar MMR":5291,"AlphaStar race":"terran","Outcome":"win","Opponent is random":"No","Account":32,"Account game no.":43,"AlphaStar League":"Master1","Opponent League":"Master1","Opponent race":"terran","Opponent MMR":5057},{"index":43,"Experiment name":"AlphaStar Mid","AlphaStar MMR":5255,"AlphaStar race":"terran","Outcome":"loss","Opponent is random":"No","Account":32,"Account game no.":44,"AlphaStar League":"Master1","Opponent League":"Unranked","Opponent race":"protoss","Opponent MMR":5148},{"index":44,"Experiment name":"AlphaStar Mid","AlphaStar MMR":5292,"AlphaStar race":"terran","Outcome":"win","Opponent is random":"No","Account":32,"Account game no.":45,"AlphaStar League":"Master1","Opponent League":"Master1","Opponent race":"terran","Opponent MMR":5398},{"index":45,"Experiment name":"AlphaStar Mid","AlphaStar MMR":5319,"AlphaStar race":"terran","Outcome":"win","Opponent is random":"No","Account":32,"Account game no.":46,"AlphaStar League":"Master1","Opponent League":"Master1","Opponent race":"terran","Opponent MMR":5202},{"index":46,"Experiment name":"AlphaStar Mid","AlphaStar MMR":5343,"AlphaStar race":"terran","Outcome":"win","Opponent is random":"No","Account":32,"Account game no.":47,"AlphaStar League":"Master1","Opponent League":"Master1","Opponent race":"protoss","Opponent MMR":5174},{"index":47,"Experiment name":"AlphaStar Mid","AlphaStar MMR":5356,"AlphaStar race":"terran","Outcome":"win","Opponent is random":"No","Account":32,"Account game no.":48,"AlphaStar League":"Master1","Opponent League":"Master1","Opponent race":"protoss","Opponent MMR":4887},{"index":48,"Experiment name":"AlphaStar Mid","AlphaStar MMR":5413,"AlphaStar race":"terran","Outcome":"win","Opponent is random":"No","Account":32,"Account game no.":49,"AlphaStar League":"Master1","Opponent League":"GM","Opponent race":"terran","Opponent MMR":6004},{"index":49,"Experiment name":"AlphaStar Mid","AlphaStar MMR":5422,"AlphaStar race":"terran","Outcome":"win","Opponent is random":"No","Account":32,"Account game no.":50,"AlphaStar League":"Master1","Opponent League":"Master2","Opponent race":"protoss","Opponent MMR":4736},{"index":50,"Experiment name":"AlphaStar Mid","AlphaStar MMR":5462,"AlphaStar race":"terran","Outcome":"win","Opponent is random":"No","Account":32,"Account game no.":51,"AlphaStar League":"Master1","Opponent League":"Master1","Opponent race":"protoss","Opponent MMR":5714},{"index":51,"Experiment name":"AlphaStar Mid","AlphaStar MMR":5482,"AlphaStar race":"terran","Outcome":"win","Opponent is random":"No","Account":32,"Account game no.":52,"AlphaStar League":"Master1","Opponent League":"Master1","Opponent race":"zerg","Opponent MMR":5221},{"index":52,"Experiment name":"AlphaStar Mid","AlphaStar MMR":5523,"AlphaStar race":"terran","Outcome":"win","Opponent is random":"No","Account":32,"Account game no.":53,"AlphaStar League":"Master1","Opponent League":"GM","Opponent race":"zerg","Opponent MMR":5800},{"index":53,"Experiment name":"AlphaStar Mid","AlphaStar MMR":5537,"AlphaStar race":"terran","Outcome":"win","Opponent is random":"No","Account":32,"Account game no.":54,"AlphaStar League":"Master1","Opponent League":"Unranked","Opponent race":"protoss","Opponent MMR":5101},{"index":54,"Experiment name":"AlphaStar Mid","AlphaStar MMR":5504,"AlphaStar race":"terran","Outcome":"loss","Opponent is random":"No","Account":32,"Account game no.":55,"AlphaStar League":"Master1","Opponent League":"Master1","Opponent race":"protoss","Opponent MMR":5371},{"index":55,"Experiment name":"AlphaStar Mid","AlphaStar MMR":5525,"AlphaStar race":"terran","Outcome":"win","Opponent is random":"No","Account":32,"Account game no.":56,"AlphaStar League":"Master1","Opponent League":"Master1","Opponent race":"zerg","Opponent MMR":5363},{"index":56,"Experiment name":"AlphaStar Mid","AlphaStar MMR":5493,"AlphaStar race":"terran","Outcome":"loss","Opponent is random":"No","Account":32,"Account game no.":57,"AlphaStar League":"Master1","Opponent League":"Master1","Opponent race":"zerg","Opponent MMR":5349},{"index":57,"Experiment name":"AlphaStar Mid","AlphaStar MMR":5513,"AlphaStar race":"terran","Outcome":"win","Opponent is random":"No","Account":32,"Account game no.":58,"AlphaStar League":"Master1","Opponent League":"Master1","Opponent race":"terran","Opponent MMR":5327},{"index":58,"Experiment name":"AlphaStar Mid","AlphaStar MMR":5538,"AlphaStar race":"terran","Outcome":"win","Opponent is random":"No","Account":32,"Account game no.":59,"AlphaStar League":"Master1","Opponent League":"Master1","Opponent race":"zerg","Opponent MMR":5494},{"index":59,"Experiment name":"AlphaStar Mid","AlphaStar MMR":5506,"AlphaStar race":"terran","Outcome":"loss","Opponent is random":"No","Account":32,"Account game no.":60,"AlphaStar League":"Master1","Opponent League":"Master1","Opponent race":"terran","Opponent MMR":5355},{"index":60,"Experiment name":"AlphaStar Mid","AlphaStar MMR":-1,"AlphaStar race":"protoss","Outcome":"win","Opponent is random":"No","Account":31,"Account game no.":1,"AlphaStar League":"","Opponent League":"Platinum1","Opponent race":"protoss","Opponent MMR":2837},{"index":61,"Experiment name":"AlphaStar Mid","AlphaStar MMR":-1,"AlphaStar race":"protoss","Outcome":"win","Opponent is random":"No","Account":31,"Account game no.":2,"AlphaStar League":"","Opponent League":"Platinum2","Opponent race":"zerg","Opponent MMR":3024},{"index":62,"Experiment name":"AlphaStar Mid","AlphaStar MMR":-1,"AlphaStar race":"protoss","Outcome":"win","Opponent is random":"No","Account":31,"Account game no.":3,"AlphaStar League":"","Opponent League":"Diamond3","Opponent race":"protoss","Opponent MMR":3131},{"index":63,"Experiment name":"AlphaStar Mid","AlphaStar MMR":-1,"AlphaStar race":"protoss","Outcome":"win","Opponent is random":"No","Account":31,"Account game no.":4,"AlphaStar League":"","Opponent League":"Diamond3","Opponent race":"zerg","Opponent MMR":3337},{"index":64,"Experiment name":"AlphaStar Mid","AlphaStar MMR":3571,"AlphaStar race":"protoss","Outcome":"win","Opponent is random":"No","Account":31,"Account game no.":5,"AlphaStar League":"Diamond3","Opponent League":"Diamond2","Opponent race":"terran","Opponent MMR":3491},{"index":65,"Experiment name":"AlphaStar Mid","AlphaStar MMR":3672,"AlphaStar race":"protoss","Outcome":"win","Opponent is random":"Yes","Account":31,"Account game no.":6,"AlphaStar League":"Diamond3","Opponent League":"Diamond2","Opponent race":"zerg","Opponent MMR":3490},{"index":66,"Experiment name":"AlphaStar Mid","AlphaStar MMR":3771,"AlphaStar race":"protoss","Outcome":"win","Opponent is random":"No","Account":31,"Account game no.":7,"AlphaStar League":"Diamond2","Opponent League":"Diamond2","Opponent race":"zerg","Opponent MMR":3639},{"index":67,"Experiment name":"AlphaStar Mid","AlphaStar MMR":3865,"AlphaStar race":"protoss","Outcome":"win","Opponent is random":"No","Account":31,"Account game no.":8,"AlphaStar League":"Diamond2","Opponent League":"Diamond2","Opponent race":"protoss","Opponent MMR":3758},{"index":68,"Experiment name":"AlphaStar Mid","AlphaStar MMR":3948,"AlphaStar race":"protoss","Outcome":"win","Opponent is random":"No","Account":31,"Account game no.":9,"AlphaStar League":"Diamond2","Opponent League":"Diamond2","Opponent race":"protoss","Opponent MMR":3803},{"index":69,"Experiment name":"AlphaStar Mid","AlphaStar MMR":4022,"AlphaStar race":"protoss","Outcome":"win","Opponent is random":"No","Account":31,"Account game no.":10,"AlphaStar League":"Diamond2","Opponent League":"Diamond2","Opponent race":"terran","Opponent MMR":3839},{"index":70,"Experiment name":"AlphaStar Mid","AlphaStar MMR":4099,"AlphaStar race":"protoss","Outcome":"win","Opponent is random":"No","Account":31,"Account game no.":11,"AlphaStar League":"Diamond1","Opponent League":"Diamond1","Opponent race":"zerg","Opponent MMR":4003},{"index":71,"Experiment name":"AlphaStar Mid","AlphaStar MMR":4204,"AlphaStar race":"protoss","Outcome":"win","Opponent is random":"No","Account":31,"Account game no.":12,"AlphaStar League":"Diamond1","Opponent League":"Master3","Opponent race":"terran","Opponent MMR":4387},{"index":72,"Experiment name":"AlphaStar Mid","AlphaStar MMR":4266,"AlphaStar race":"protoss","Outcome":"win","Opponent is random":"No","Account":31,"Account game no.":13,"AlphaStar League":"Diamond1","Opponent League":"Diamond1","Opponent race":"zerg","Opponent MMR":4088},{"index":73,"Experiment name":"AlphaStar Mid","AlphaStar MMR":4340,"AlphaStar race":"protoss","Outcome":"win","Opponent is random":"No","Account":31,"Account game no.":14,"AlphaStar League":"Diamond1","Opponent League":"Diamond1","Opponent race":"terran","Opponent MMR":4318},{"index":74,"Experiment name":"AlphaStar Mid","AlphaStar MMR":4415,"AlphaStar race":"protoss","Outcome":"win","Opponent is random":"No","Account":31,"Account game no.":15,"AlphaStar League":"Diamond1","Opponent League":"Unranked","Opponent race":"zerg","Opponent MMR":4443},{"index":75,"Experiment name":"AlphaStar Mid","AlphaStar MMR":4453,"AlphaStar race":"protoss","Outcome":"win","Opponent is random":"No","Account":31,"Account game no.":16,"AlphaStar League":"Master3","Opponent League":"Master3","Opponent race":"protoss","Opponent MMR":4070},{"index":76,"Experiment name":"AlphaStar Mid","AlphaStar MMR":4493,"AlphaStar race":"protoss","Outcome":"win","Opponent is random":"No","Account":31,"Account game no.":17,"AlphaStar League":"Master3","Opponent League":"Diamond1","Opponent race":"terran","Opponent MMR":4161},{"index":77,"Experiment name":"AlphaStar Mid","AlphaStar MMR":4550,"AlphaStar race":"protoss","Outcome":"win","Opponent is random":"No","Account":31,"Account game no.":18,"AlphaStar League":"Master3","Opponent League":"Master2","Opponent race":"protoss","Opponent MMR":4492},{"index":78,"Experiment name":"AlphaStar Mid","AlphaStar MMR":4647,"AlphaStar race":"protoss","Outcome":"win","Opponent is random":"No","Account":31,"Account game no.":19,"AlphaStar League":"Master3","Opponent League":"Master1","Opponent race":"protoss","Opponent MMR":5061},{"index":79,"Experiment name":"AlphaStar Mid","AlphaStar MMR":4695,"AlphaStar race":"protoss","Outcome":"win","Opponent is random":"No","Account":31,"Account game no.":20,"AlphaStar League":"Master2","Opponent League":"Unranked","Opponent race":"zerg","Opponent MMR":4529},{"index":80,"Experiment name":"AlphaStar Mid","AlphaStar MMR":4777,"AlphaStar race":"protoss","Outcome":"win","Opponent is random":"No","Account":31,"Account game no.":21,"AlphaStar League":"Master2","Opponent League":"Master1","Opponent race":"zerg","Opponent MMR":5060},{"index":81,"Experiment name":"AlphaStar Mid","AlphaStar MMR":4845,"AlphaStar race":"protoss","Outcome":"win","Opponent is random":"No","Account":31,"Account game no.":22,"AlphaStar League":"Master2","Opponent League":"Master1","Opponent race":"terran","Opponent MMR":4965},{"index":82,"Experiment name":"AlphaStar Mid","AlphaStar MMR":4876,"AlphaStar race":"protoss","Outcome":"win","Opponent is random":"No","Account":31,"Account game no.":23,"AlphaStar League":"Master2","Opponent League":"Master1","Opponent race":"protoss","Opponent MMR":4515},{"index":83,"Experiment name":"AlphaStar Mid","AlphaStar MMR":4935,"AlphaStar race":"protoss","Outcome":"win","Opponent is random":"No","Account":31,"Account game no.":24,"AlphaStar League":"Master1","Opponent League":"Master1","Opponent race":"protoss","Opponent MMR":5011},{"index":84,"Experiment name":"AlphaStar Mid","AlphaStar MMR":4976,"AlphaStar race":"protoss","Outcome":"win","Opponent is random":"No","Account":31,"Account game no.":25,"AlphaStar League":"Master1","Opponent League":"Master1","Opponent race":"protoss","Opponent MMR":4810},{"index":85,"Experiment name":"AlphaStar Mid","AlphaStar MMR":5021,"AlphaStar race":"protoss","Outcome":"win","Opponent is random":"No","Account":31,"Account game no.":26,"AlphaStar League":"Master1","Opponent League":"Master1","Opponent race":"zerg","Opponent MMR":4937},{"index":86,"Experiment name":"AlphaStar Mid","AlphaStar MMR":5061,"AlphaStar race":"protoss","Outcome":"win","Opponent is random":"No","Account":31,"Account game no.":27,"AlphaStar League":"Master1","Opponent League":"Master1","Opponent race":"terran","Opponent MMR":4948},{"index":87,"Experiment name":"AlphaStar Mid","AlphaStar MMR":5123,"AlphaStar race":"protoss","Outcome":"win","Opponent is random":"No","Account":31,"Account game no.":28,"AlphaStar League":"Master1","Opponent League":"Master1","Opponent race":"protoss","Opponent MMR":5338},{"index":88,"Experiment name":"AlphaStar Mid","AlphaStar MMR":5158,"AlphaStar race":"protoss","Outcome":"win","Opponent is random":"No","Account":31,"Account game no.":29,"AlphaStar League":"Master1","Opponent League":"Master1","Opponent race":"zerg","Opponent MMR":4980},{"index":89,"Experiment name":"AlphaStar Mid","AlphaStar MMR":5201,"AlphaStar race":"protoss","Outcome":"win","Opponent is random":"No","Account":31,"Account game no.":30,"AlphaStar League":"Master1","Opponent League":"Master1","Opponent race":"zerg","Opponent MMR":5174},{"index":90,"Experiment name":"AlphaStar Mid","AlphaStar MMR":5251,"AlphaStar race":"protoss","Outcome":"win","Opponent is random":"No","Account":31,"Account game no.":31,"AlphaStar League":"Master1","Opponent League":"Master1","Opponent race":"zerg","Opponent MMR":5366},{"index":91,"Experiment name":"AlphaStar Mid","AlphaStar MMR":5289,"AlphaStar race":"protoss","Outcome":"win","Opponent is random":"No","Account":31,"Account game no.":32,"AlphaStar League":"Master1","Opponent League":"Master1","Opponent race":"zerg","Opponent MMR":5213},{"index":92,"Experiment name":"AlphaStar Mid","AlphaStar MMR":5304,"AlphaStar race":"protoss","Outcome":"win","Opponent is random":"No","Account":31,"Account game no.":33,"AlphaStar League":"Master1","Opponent League":"Master1","Opponent race":"protoss","Opponent MMR":4726},{"index":93,"Experiment name":"AlphaStar Mid","AlphaStar MMR":5338,"AlphaStar race":"protoss","Outcome":"win","Opponent is random":"No","Account":31,"Account game no.":34,"AlphaStar League":"Master1","Opponent League":"Master1","Opponent race":"protoss","Opponent MMR":5231},{"index":94,"Experiment name":"AlphaStar Mid","AlphaStar MMR":5359,"AlphaStar race":"protoss","Outcome":"win","Opponent is random":"No","Account":31,"Account game no.":35,"AlphaStar League":"Master1","Opponent League":"Unranked","Opponent race":"protoss","Opponent MMR":4979},{"index":95,"Experiment name":"AlphaStar Mid","AlphaStar MMR":5429,"AlphaStar race":"protoss","Outcome":"win","Opponent is random":"Yes","Account":31,"Account game no.":36,"AlphaStar League":"Master1","Opponent League":"GM","Opponent race":"protoss","Opponent MMR":5977},{"index":96,"Experiment name":"AlphaStar Mid","AlphaStar MMR":5418,"AlphaStar race":"protoss","Outcome":"loss","Opponent is random":"No","Account":31,"Account game no.":37,"AlphaStar League":"Master1","Opponent League":"GM","Opponent race":"terran","Opponent MMR":6106},{"index":97,"Experiment name":"AlphaStar Mid","AlphaStar MMR":5448,"AlphaStar race":"protoss","Outcome":"win","Opponent is random":"No","Account":31,"Account game no.":38,"AlphaStar League":"Master1","Opponent League":"Master1","Opponent race":"zerg","Opponent MMR":5308},{"index":98,"Experiment name":"AlphaStar Mid","AlphaStar MMR":5490,"AlphaStar race":"protoss","Outcome":"win","Opponent is random":"No","Account":31,"Account game no.":39,"AlphaStar League":"Master1","Opponent League":"GM","Opponent race":"protoss","Opponent MMR":5583},{"index":99,"Experiment name":"AlphaStar Mid","AlphaStar MMR":5545,"AlphaStar race":"protoss","Outcome":"win","Opponent is random":"Yes","Account":31,"Account game no.":40,"AlphaStar League":"Master1","Opponent League":"GM","Opponent race":"protoss","Opponent MMR":5917},{"index":100,"Experiment name":"AlphaStar Mid","AlphaStar MMR":5581,"AlphaStar race":"protoss","Outcome":"win","Opponent is random":"No","Account":31,"Account game no.":41,"AlphaStar League":"Master1","Opponent League":"GM","Opponent race":"protoss","Opponent MMR":5579},{"index":101,"Experiment name":"AlphaStar Mid","AlphaStar MMR":5598,"AlphaStar race":"protoss","Outcome":"win","Opponent is random":"No","Account":31,"Account game no.":42,"AlphaStar League":"Master1","Opponent League":"Master1","Opponent race":"terran","Opponent MMR":5155},{"index":102,"Experiment name":"AlphaStar Mid","AlphaStar MMR":5565,"AlphaStar race":"protoss","Outcome":"loss","Opponent is random":"No","Account":31,"Account game no.":43,"AlphaStar League":"Master1","Opponent League":"GM","Opponent race":"protoss","Opponent MMR":5587},{"index":103,"Experiment name":"AlphaStar Mid","AlphaStar MMR":5562,"AlphaStar race":"protoss","Outcome":"loss","Opponent is random":"No","Account":31,"Account game no.":44,"AlphaStar League":"Master1","Opponent League":"Master1","Opponent race":"zerg","Opponent MMR":6646},{"index":104,"Experiment name":"AlphaStar Mid","AlphaStar MMR":5588,"AlphaStar race":"protoss","Outcome":"win","Opponent is random":"No","Account":31,"Account game no.":45,"AlphaStar League":"Master1","Opponent League":"Master1","Opponent race":"protoss","Opponent MMR":5430},{"index":105,"Experiment name":"AlphaStar Mid","AlphaStar MMR":5613,"AlphaStar race":"protoss","Outcome":"win","Opponent is random":"No","Account":31,"Account game no.":46,"AlphaStar League":"Master1","Opponent League":"Master1","Opponent race":"terran","Opponent MMR":5440},{"index":106,"Experiment name":"AlphaStar Mid","AlphaStar MMR":5575,"AlphaStar race":"protoss","Outcome":"loss","Opponent is random":"No","Account":31,"Account game no.":47,"AlphaStar League":"Master1","Opponent League":"Master1","Opponent race":"protoss","Opponent MMR":5436},{"index":107,"Experiment name":"AlphaStar Mid","AlphaStar MMR":5590,"AlphaStar race":"protoss","Outcome":"win","Opponent is random":"No","Account":31,"Account game no.":48,"AlphaStar League":"Master1","Opponent League":"Unranked","Opponent race":"protoss","Opponent MMR":5144},{"index":108,"Experiment name":"AlphaStar Mid","AlphaStar MMR":5609,"AlphaStar race":"protoss","Outcome":"win","Opponent is random":"No","Account":31,"Account game no.":49,"AlphaStar League":"Master1","Opponent League":"Master1","Opponent race":"protoss","Opponent MMR":5310},{"index":109,"Experiment name":"AlphaStar Mid","AlphaStar MMR":5574,"AlphaStar race":"protoss","Outcome":"loss","Opponent is random":"No","Account":31,"Account game no.":50,"AlphaStar League":"Master1","Opponent League":"Master1","Opponent race":"protoss","Opponent MMR":5451},{"index":110,"Experiment name":"AlphaStar Mid","AlphaStar MMR":5614,"AlphaStar race":"protoss","Outcome":"win","Opponent is random":"No","Account":31,"Account game no.":51,"AlphaStar League":"Master1","Opponent League":"GM","Opponent race":"zerg","Opponent MMR":5869},{"index":111,"Experiment name":"AlphaStar Mid","AlphaStar MMR":5596,"AlphaStar race":"protoss","Outcome":"loss","Opponent is random":"No","Account":31,"Account game no.":52,"AlphaStar League":"Master1","Opponent League":"GM","Opponent race":"protoss","Opponent MMR":5900},{"index":112,"Experiment name":"AlphaStar Mid","AlphaStar MMR":5616,"AlphaStar race":"protoss","Outcome":"win","Opponent is random":"No","Account":31,"Account game no.":53,"AlphaStar League":"Master1","Opponent League":"Master1","Opponent race":"terran","Opponent MMR":5366},{"index":113,"Experiment name":"AlphaStar Mid","AlphaStar MMR":5625,"AlphaStar race":"protoss","Outcome":"win","Opponent is random":"No","Account":31,"Account game no.":54,"AlphaStar League":"Master1","Opponent League":"Master1","Opponent race":"zerg","Opponent MMR":5000},{"index":114,"Experiment name":"AlphaStar Mid","AlphaStar MMR":5660,"AlphaStar race":"protoss","Outcome":"win","Opponent is random":"No","Account":31,"Account game no.":55,"AlphaStar League":"Master1","Opponent League":"Master1","Opponent race":"zerg","Opponent MMR":5864},{"index":115,"Experiment name":"AlphaStar Mid","AlphaStar MMR":5670,"AlphaStar race":"protoss","Outcome":"win","Opponent is random":"No","Account":31,"Account game no.":56,"AlphaStar League":"Master1","Opponent League":"Master1","Opponent race":"protoss","Opponent MMR":5103},{"index":116,"Experiment name":"AlphaStar Mid","AlphaStar MMR":5687,"AlphaStar race":"protoss","Outcome":"win","Opponent is random":"No","Account":31,"Account game no.":57,"AlphaStar League":"Master1","Opponent League":"Master1","Opponent race":"terran","Opponent MMR":5416},{"index":117,"Experiment name":"AlphaStar Mid","AlphaStar MMR":5703,"AlphaStar race":"protoss","Outcome":"win","Opponent is random":"No","Account":31,"Account game no.":58,"AlphaStar League":"Master1","Opponent League":"Master1","Opponent race":"zerg","Opponent MMR":5381},{"index":118,"Experiment name":"AlphaStar Mid","AlphaStar MMR":5695,"AlphaStar race":"protoss","Outcome":"loss","Opponent is random":"No","Account":31,"Account game no.":59,"AlphaStar League":"Master1","Opponent League":"GM","Opponent race":"protoss","Opponent MMR":6327},{"index":119,"Experiment name":"AlphaStar Mid","AlphaStar MMR":5722,"AlphaStar race":"protoss","Outcome":"win","Opponent is random":"No","Account":31,"Account game no.":60,"AlphaStar League":"Master1","Opponent League":"GM","Opponent race":"zerg","Opponent MMR":5806},{"index":120,"Experiment name":"AlphaStar Mid","AlphaStar MMR":-1,"AlphaStar race":"zerg","Outcome":"win","Opponent is random":"No","Account":33,"Account game no.":1,"AlphaStar League":"","Opponent League":"Gold2","Opponent race":"protoss","Opponent MMR":2790},{"index":121,"Experiment name":"AlphaStar Mid","AlphaStar MMR":-1,"AlphaStar race":"zerg","Outcome":"win","Opponent is random":"Yes","Account":33,"Account game no.":2,"AlphaStar League":"","Opponent League":"Platinum3","Opponent race":"protoss","Opponent MMR":3033},{"index":122,"Experiment name":"AlphaStar Mid","AlphaStar MMR":-1,"AlphaStar race":"zerg","Outcome":"win","Opponent is random":"No","Account":33,"Account game no.":3,"AlphaStar League":"","Opponent League":"Diamond3","Opponent race":"protoss","Opponent MMR":3379},{"index":123,"Experiment name":"AlphaStar Mid","AlphaStar MMR":-1,"AlphaStar race":"zerg","Outcome":"win","Opponent is random":"No","Account":33,"Account game no.":4,"AlphaStar League":"","Opponent League":"Platinum1","Opponent race":"protoss","Opponent MMR":3296},{"index":124,"Experiment name":"AlphaStar Mid","AlphaStar MMR":3577,"AlphaStar race":"zerg","Outcome":"win","Opponent is random":"Yes","Account":33,"Account game no.":5,"AlphaStar League":"Diamond3","Opponent League":"Diamond2","Opponent race":"terran","Opponent MMR":3988},{"index":125,"Experiment name":"AlphaStar Mid","AlphaStar MMR":3682,"AlphaStar race":"zerg","Outcome":"win","Opponent is random":"No","Account":33,"Account game no.":6,"AlphaStar League":"Diamond3","Opponent League":"Diamond3","Opponent race":"terran","Opponent MMR":3517},{"index":126,"Experiment name":"AlphaStar Mid","AlphaStar MMR":3789,"AlphaStar race":"zerg","Outcome":"win","Opponent is random":"No","Account":33,"Account game no.":7,"AlphaStar League":"Diamond2","Opponent League":"Diamond2","Opponent race":"terran","Opponent MMR":3699},{"index":127,"Experiment name":"AlphaStar Mid","AlphaStar MMR":3889,"AlphaStar race":"zerg","Outcome":"win","Opponent is random":"No","Account":33,"Account game no.":8,"AlphaStar League":"Diamond2","Opponent League":"Diamond2","Opponent race":"terran","Opponent MMR":3802},{"index":128,"Experiment name":"AlphaStar Mid","AlphaStar MMR":3995,"AlphaStar race":"zerg","Outcome":"win","Opponent is random":"No","Account":33,"Account game no.":9,"AlphaStar League":"Diamond2","Opponent League":"Diamond2","Opponent race":"terran","Opponent MMR":4012},{"index":129,"Experiment name":"AlphaStar Mid","AlphaStar MMR":4091,"AlphaStar race":"zerg","Outcome":"win","Opponent is random":"No","Account":33,"Account game no.":10,"AlphaStar League":"Diamond1","Opponent League":"Diamond1","Opponent race":"terran","Opponent MMR":4085},{"index":130,"Experiment name":"AlphaStar Mid","AlphaStar MMR":4170,"AlphaStar race":"zerg","Outcome":"win","Opponent is random":"No","Account":33,"Account game no.":11,"AlphaStar League":"Diamond1","Opponent League":"Diamond1","Opponent race":"terran","Opponent MMR":4065},{"index":131,"Experiment name":"AlphaStar Mid","AlphaStar MMR":4248,"AlphaStar race":"zerg","Outcome":"win","Opponent is random":"No","Account":33,"Account game no.":12,"AlphaStar League":"Diamond1","Opponent League":"Diamond1","Opponent race":"zerg","Opponent MMR":4171},{"index":132,"Experiment name":"AlphaStar Mid","AlphaStar MMR":4345,"AlphaStar race":"zerg","Outcome":"win","Opponent is random":"No","Account":33,"Account game no.":13,"AlphaStar League":"Diamond1","Opponent League":"Master3","Opponent race":"zerg","Opponent MMR":4481},{"index":133,"Experiment name":"AlphaStar Mid","AlphaStar MMR":4456,"AlphaStar race":"zerg","Outcome":"win","Opponent is random":"No","Account":33,"Account game no.":14,"AlphaStar League":"Master3","Opponent League":"Master2","Opponent race":"zerg","Opponent MMR":4741},{"index":134,"Experiment name":"AlphaStar Mid","AlphaStar MMR":4528,"AlphaStar race":"zerg","Outcome":"win","Opponent is random":"No","Account":33,"Account game no.":15,"AlphaStar League":"Master3","Opponent League":"Master2","Opponent race":"protoss","Opponent MMR":4475},{"index":135,"Experiment name":"AlphaStar Mid","AlphaStar MMR":4616,"AlphaStar race":"zerg","Outcome":"win","Opponent is random":"No","Account":33,"Account game no.":16,"AlphaStar League":"Master3","Opponent League":"Unranked","Opponent race":"zerg","Opponent MMR":4752},{"index":136,"Experiment name":"AlphaStar Mid","AlphaStar MMR":4564,"AlphaStar race":"zerg","Outcome":"loss","Opponent is random":"No","Account":33,"Account game no.":17,"AlphaStar League":"Master3","Opponent League":"Master2","Opponent race":"zerg","Opponent MMR":4781},{"index":137,"Experiment name":"AlphaStar Mid","AlphaStar MMR":4650,"AlphaStar race":"zerg","Outcome":"win","Opponent is random":"No","Account":33,"Account game no.":18,"AlphaStar League":"Master3","Opponent League":"Master1","Opponent race":"protoss","Opponent MMR":4837},{"index":138,"Experiment name":"AlphaStar Mid","AlphaStar MMR":4728,"AlphaStar race":"zerg","Outcome":"win","Opponent is random":"No","Account":33,"Account game no.":19,"AlphaStar League":"Master2","Opponent League":"Master1","Opponent race":"protoss","Opponent MMR":4870},{"index":139,"Experiment name":"AlphaStar Mid","AlphaStar MMR":4776,"AlphaStar race":"zerg","Outcome":"win","Opponent is random":"No","Account":33,"Account game no.":20,"AlphaStar League":"Master2","Opponent League":"Master2","Opponent race":"zerg","Opponent MMR":4571},{"index":140,"Experiment name":"AlphaStar Mid","AlphaStar MMR":4828,"AlphaStar race":"zerg","Outcome":"win","Opponent is random":"No","Account":33,"Account game no.":21,"AlphaStar League":"Master2","Opponent League":"Master2","Opponent race":"zerg","Opponent MMR":4724},{"index":141,"Experiment name":"AlphaStar Mid","AlphaStar MMR":4892,"AlphaStar race":"zerg","Outcome":"win","Opponent is random":"No","Account":33,"Account game no.":22,"AlphaStar League":"Master1","Opponent League":"Master1","Opponent race":"protoss","Opponent MMR":4953},{"index":142,"Experiment name":"AlphaStar Mid","AlphaStar MMR":4942,"AlphaStar race":"zerg","Outcome":"win","Opponent is random":"No","Account":33,"Account game no.":23,"AlphaStar League":"Master1","Opponent League":"Master1","Opponent race":"terran","Opponent MMR":4866},{"index":143,"Experiment name":"AlphaStar Mid","AlphaStar MMR":4972,"AlphaStar race":"zerg","Outcome":"win","Opponent is random":"No","Account":33,"Account game no.":24,"AlphaStar League":"Master1","Opponent League":"Master2","Opponent race":"terran","Opponent MMR":4588},{"index":144,"Experiment name":"AlphaStar Mid","AlphaStar MMR":5018,"AlphaStar race":"zerg","Outcome":"win","Opponent is random":"No","Account":33,"Account game no.":25,"AlphaStar League":"Master1","Opponent League":"Master1","Opponent race":"protoss","Opponent MMR":4933},{"index":145,"Experiment name":"AlphaStar Mid","AlphaStar MMR":5069,"AlphaStar race":"zerg","Outcome":"win","Opponent is random":"No","Account":33,"Account game no.":26,"AlphaStar League":"Master1","Opponent League":"Master1","Opponent race":"zerg","Opponent MMR":5078},{"index":146,"Experiment name":"AlphaStar Mid","AlphaStar MMR":5098,"AlphaStar race":"zerg","Outcome":"win","Opponent is random":"No","Account":33,"Account game no.":27,"AlphaStar League":"Master1","Opponent League":"Master2","Opponent race":"zerg","Opponent MMR":4761},{"index":147,"Experiment name":"AlphaStar Mid","AlphaStar MMR":5139,"AlphaStar race":"zerg","Outcome":"win","Opponent is random":"No","Account":33,"Account game no.":28,"AlphaStar League":"Master1","Opponent League":"Master1","Opponent race":"zerg","Opponent MMR":5052},{"index":148,"Experiment name":"AlphaStar Mid","AlphaStar MMR":5180,"AlphaStar race":"zerg","Outcome":"win","Opponent is random":"No","Account":33,"Account game no.":29,"AlphaStar League":"Master1","Opponent League":"Master1","Opponent race":"protoss","Opponent MMR":5108},{"index":149,"Experiment name":"AlphaStar Mid","AlphaStar MMR":5243,"AlphaStar race":"zerg","Outcome":"win","Opponent is random":"No","Account":33,"Account game no.":30,"AlphaStar League":"Master1","Opponent League":"Master1","Opponent race":"zerg","Opponent MMR":5539},{"index":150,"Experiment name":"AlphaStar Mid","AlphaStar MMR":5275,"AlphaStar race":"zerg","Outcome":"win","Opponent is random":"No","Account":33,"Account game no.":31,"AlphaStar League":"Master1","Opponent League":"Master1","Opponent race":"zerg","Opponent MMR":5068},{"index":151,"Experiment name":"AlphaStar Mid","AlphaStar MMR":5302,"AlphaStar race":"zerg","Outcome":"win","Opponent is random":"No","Account":33,"Account game no.":32,"AlphaStar League":"Master1","Opponent League":"Master1","Opponent race":"protoss","Opponent MMR":4998},{"index":152,"Experiment name":"AlphaStar Mid","AlphaStar MMR":5331,"AlphaStar race":"zerg","Outcome":"win","Opponent is random":"No","Account":33,"Account game no.":33,"AlphaStar League":"Master1","Opponent League":"Master1","Opponent race":"zerg","Opponent MMR":5119},{"index":153,"Experiment name":"AlphaStar Mid","AlphaStar MMR":5359,"AlphaStar race":"zerg","Outcome":"win","Opponent is random":"No","Account":33,"Account game no.":34,"AlphaStar League":"Master1","Opponent League":"Master1","Opponent race":"zerg","Opponent MMR":5121},{"index":154,"Experiment name":"AlphaStar Mid","AlphaStar MMR":5401,"AlphaStar race":"zerg","Outcome":"win","Opponent is random":"No","Account":33,"Account game no.":35,"AlphaStar League":"Master1","Opponent League":"Master1","Opponent race":"protoss","Opponent MMR":5466},{"index":155,"Experiment name":"AlphaStar Mid","AlphaStar MMR":5419,"AlphaStar race":"zerg","Outcome":"win","Opponent is random":"No","Account":33,"Account game no.":36,"AlphaStar League":"Master1","Opponent League":"Master1","Opponent race":"terran","Opponent MMR":4976},{"index":156,"Experiment name":"AlphaStar Mid","AlphaStar MMR":5463,"AlphaStar race":"zerg","Outcome":"win","Opponent is random":"No","Account":33,"Account game no.":37,"AlphaStar League":"Master1","Opponent League":"Master1","Opponent race":"terran","Opponent MMR":5614},{"index":157,"Experiment name":"AlphaStar Mid","AlphaStar MMR":5494,"AlphaStar race":"zerg","Outcome":"win","Opponent is random":"Yes","Account":33,"Account game no.":38,"AlphaStar League":"Master1","Opponent League":"Unranked","Opponent race":"zerg","Opponent MMR":-1},{"index":158,"Experiment name":"AlphaStar Mid","AlphaStar MMR":5519,"AlphaStar race":"zerg","Outcome":"win","Opponent is random":"No","Account":33,"Account game no.":39,"AlphaStar League":"Master1","Opponent League":"Master1","Opponent race":"zerg","Opponent MMR":5292},{"index":159,"Experiment name":"AlphaStar Mid","AlphaStar MMR":5545,"AlphaStar race":"zerg","Outcome":"win","Opponent is random":"No","Account":33,"Account game no.":40,"AlphaStar League":"Master1","Opponent League":"Unranked","Opponent race":"zerg","Opponent MMR":5300},{"index":160,"Experiment name":"AlphaStar Mid","AlphaStar MMR":5512,"AlphaStar race":"zerg","Outcome":"loss","Opponent is random":"No","Account":33,"Account game no.":41,"AlphaStar League":"Master1","Opponent League":"Master1","Opponent race":"protoss","Opponent MMR":5520},{"index":161,"Experiment name":"AlphaStar Mid","AlphaStar MMR":5476,"AlphaStar race":"zerg","Outcome":"loss","Opponent is random":"No","Account":33,"Account game no.":42,"AlphaStar League":"Master1","Opponent League":"Master1","Opponent race":"zerg","Opponent MMR":5402},{"index":162,"Experiment name":"AlphaStar Mid","AlphaStar MMR":5505,"AlphaStar race":"zerg","Outcome":"win","Opponent is random":"No","Account":33,"Account game no.":43,"AlphaStar League":"Master1","Opponent League":"Master1","Opponent race":"protoss","Opponent MMR":5447},{"index":163,"Experiment name":"AlphaStar Mid","AlphaStar MMR":5540,"AlphaStar race":"zerg","Outcome":"win","Opponent is random":"No","Account":33,"Account game no.":44,"AlphaStar League":"Master1","Opponent League":"GM","Opponent race":"terran","Opponent MMR":5610},{"index":164,"Experiment name":"AlphaStar Mid","AlphaStar MMR":5561,"AlphaStar race":"zerg","Outcome":"win","Opponent is random":"No","Account":33,"Account game no.":45,"AlphaStar League":"Master1","Opponent League":"Master1","Opponent race":"zerg","Opponent MMR":5321},{"index":165,"Experiment name":"AlphaStar Mid","AlphaStar MMR":5588,"AlphaStar race":"zerg","Outcome":"win","Opponent is random":"No","Account":33,"Account game no.":46,"AlphaStar League":"Master1","Opponent League":"Master1","Opponent race":"zerg","Opponent MMR":5510},{"index":166,"Experiment name":"AlphaStar Mid","AlphaStar MMR":5611,"AlphaStar race":"zerg","Outcome":"win","Opponent is random":"No","Account":33,"Account game no.":47,"AlphaStar League":"Master1","Opponent League":"Master1","Opponent race":"protoss","Opponent MMR":5469},{"index":167,"Experiment name":"AlphaStar Mid","AlphaStar MMR":5595,"AlphaStar race":"zerg","Outcome":"loss","Opponent is random":"No","Account":33,"Account game no.":48,"AlphaStar League":"Master1","Opponent League":"Master1","Opponent race":"terran","Opponent MMR":5940},{"index":168,"Experiment name":"AlphaStar Mid","AlphaStar MMR":5616,"AlphaStar race":"zerg","Outcome":"win","Opponent is random":"No","Account":33,"Account game no.":49,"AlphaStar League":"Master1","Opponent League":"Master1","Opponent race":"terran","Opponent MMR":5425},{"index":169,"Experiment name":"AlphaStar Mid","AlphaStar MMR":5643,"AlphaStar race":"zerg","Outcome":"win","Opponent is random":"No","Account":33,"Account game no.":50,"AlphaStar League":"Master1","Opponent League":"Master1","Opponent race":"terran","Opponent MMR":5627},{"index":170,"Experiment name":"AlphaStar Mid","AlphaStar MMR":5615,"AlphaStar race":"zerg","Outcome":"loss","Opponent is random":"No","Account":33,"Account game no.":51,"AlphaStar League":"Master1","Opponent League":"GM","Opponent race":"protoss","Opponent MMR":5594},{"index":171,"Experiment name":"AlphaStar Mid","AlphaStar MMR":5628,"AlphaStar race":"zerg","Outcome":"win","Opponent is random":"No","Account":33,"Account game no.":52,"AlphaStar League":"Master1","Opponent League":"Master1","Opponent race":"zerg","Opponent MMR":5210},{"index":172,"Experiment name":"AlphaStar Mid","AlphaStar MMR":5594,"AlphaStar race":"zerg","Outcome":"loss","Opponent is random":"No","Account":33,"Account game no.":53,"AlphaStar League":"Master1","Opponent League":"Master1","Opponent race":"terran","Opponent MMR":5354},{"index":173,"Experiment name":"AlphaStar Mid","AlphaStar MMR":5570,"AlphaStar race":"zerg","Outcome":"loss","Opponent is random":"No","Account":33,"Account game no.":54,"AlphaStar League":"Master1","Opponent League":"GM","Opponent race":"protoss","Opponent MMR":5634},{"index":174,"Experiment name":"AlphaStar Mid","AlphaStar MMR":5602,"AlphaStar race":"zerg","Outcome":"win","Opponent is random":"No","Account":33,"Account game no.":55,"AlphaStar League":"Master1","Opponent League":"GM","Opponent race":"zerg","Opponent MMR":5791},{"index":175,"Experiment name":"AlphaStar Mid","AlphaStar MMR":5620,"AlphaStar race":"zerg","Outcome":"win","Opponent is random":"No","Account":33,"Account game no.":56,"AlphaStar League":"Master1","Opponent League":"Master1","Opponent race":"terran","Opponent MMR":5399},{"index":176,"Experiment name":"AlphaStar Mid","AlphaStar MMR":5648,"AlphaStar race":"zerg","Outcome":"win","Opponent is random":"No","Account":33,"Account game no.":57,"AlphaStar League":"Master1","Opponent League":"GM","Opponent race":"zerg","Opponent MMR":5760},{"index":177,"Experiment name":"AlphaStar Mid","AlphaStar MMR":5681,"AlphaStar race":"zerg","Outcome":"win","Opponent is random":"No","Account":33,"Account game no.":58,"AlphaStar League":"Master1","Opponent League":"GM","Opponent race":"terran","Opponent MMR":5919},{"index":178,"Experiment name":"AlphaStar Mid","AlphaStar MMR":5692,"AlphaStar race":"zerg","Outcome":"win","Opponent is random":"No","Account":33,"Account game no.":59,"AlphaStar League":"Master1","Opponent League":"Master1","Opponent race":"zerg","Opponent MMR":5219},{"index":179,"Experiment name":"AlphaStar Mid","AlphaStar MMR":5717,"AlphaStar race":"zerg","Outcome":"win","Opponent is random":"No","Account":33,"Account game no.":60,"AlphaStar League":"Master1","Opponent League":"GM","Opponent race":"protoss","Opponent MMR":5762},{"index":0,"Experiment name":"AlphaStar Final","AlphaStar MMR":-1,"AlphaStar race":"terran","Outcome":"loss","Opponent is random":"No","Account":50,"Account game no.":1,"AlphaStar League":"Master1","Opponent League":"GM","Opponent race":"zerg","Opponent MMR":7260},{"index":1,"Experiment name":"AlphaStar Final","AlphaStar MMR":-1,"AlphaStar race":"terran","Outcome":"loss","Opponent is random":"No","Account":51,"Account game no.":1,"AlphaStar League":"Master1","Opponent League":"GM","Opponent race":"protoss","Opponent MMR":6774},{"index":2,"Experiment name":"AlphaStar Final","AlphaStar MMR":-1,"AlphaStar race":"terran","Outcome":"loss","Opponent is random":"No","Account":52,"Account game no.":1,"AlphaStar League":"Master1","Opponent League":"GM","Opponent race":"zerg","Opponent MMR":6216},{"index":3,"Experiment name":"AlphaStar Final","AlphaStar MMR":5586,"AlphaStar race":"terran","Outcome":"win","Opponent is random":"No","Account":53,"Account game no.":1,"AlphaStar League":"Master1","Opponent League":"Master1","Opponent race":"zerg","Opponent MMR":5037},{"index":4,"Experiment name":"AlphaStar Final","AlphaStar MMR":5768,"AlphaStar race":"terran","Outcome":"win","Opponent is random":"No","Account":54,"Account game no.":1,"AlphaStar League":"Master1","Opponent League":"Master1","Opponent race":"protoss","Opponent MMR":5185},{"index":5,"Experiment name":"AlphaStar Final","AlphaStar MMR":5995,"AlphaStar race":"terran","Outcome":"win","Opponent is random":"No","Account":50,"Account game no.":2,"AlphaStar League":"Master1","Opponent League":"GM","Opponent race":"zerg","Opponent MMR":5716},{"index":6,"Experiment name":"AlphaStar Final","AlphaStar MMR":6049,"AlphaStar race":"terran","Outcome":"win","Opponent is random":"No","Account":51,"Account game no.":2,"AlphaStar League":"Master1","Opponent League":"Master1","Opponent race":"zerg","Opponent MMR":5278},{"index":7,"Experiment name":"AlphaStar Final","AlphaStar MMR":6074,"AlphaStar race":"terran","Outcome":"win","Opponent is random":"No","Account":52,"Account game no.":2,"AlphaStar League":"Master1","Opponent League":"Master1","Opponent race":"zerg","Opponent MMR":5090},{"index":8,"Experiment name":"AlphaStar Final","AlphaStar MMR":5881,"AlphaStar race":"terran","Outcome":"loss","Opponent is random":"No","Account":53,"Account game no.":2,"AlphaStar League":"Master1","Opponent League":"GM","Opponent race":"zerg","Opponent MMR":5879},{"index":9,"Experiment name":"AlphaStar Final","AlphaStar MMR":5724,"AlphaStar race":"terran","Outcome":"loss","Opponent is random":"No","Account":54,"Account game no.":2,"AlphaStar League":"Master1","Opponent League":"GM","Opponent race":"terran","Opponent MMR":5653},{"index":10,"Experiment name":"AlphaStar Final","AlphaStar MMR":5868,"AlphaStar race":"terran","Outcome":"win","Opponent is random":"No","Account":50,"Account game no.":3,"AlphaStar League":"Master1","Opponent League":"Master1","Opponent race":"terran","Opponent MMR":6026},{"index":11,"Experiment name":"AlphaStar Final","AlphaStar MMR":5774,"AlphaStar race":"terran","Outcome":"loss","Opponent is random":"No","Account":51,"Account game no.":3,"AlphaStar League":"Master1","Opponent League":"GM","Opponent race":"terran","Opponent MMR":5813},{"index":12,"Experiment name":"AlphaStar Final","AlphaStar MMR":5829,"AlphaStar race":"terran","Outcome":"win","Opponent is random":"No","Account":52,"Account game no.":3,"AlphaStar League":"Master1","Opponent League":"Master1","Opponent race":"zerg","Opponent MMR":5539},{"index":13,"Experiment name":"AlphaStar Final","AlphaStar MMR":5904,"AlphaStar race":"terran","Outcome":"win","Opponent is random":"No","Account":53,"Account game no.":3,"AlphaStar League":"Master1","Opponent League":"GM","Opponent race":"zerg","Opponent MMR":5856},{"index":14,"Experiment name":"AlphaStar Final","AlphaStar MMR":5930,"AlphaStar race":"terran","Outcome":"win","Opponent is random":"No","Account":54,"Account game no.":3,"AlphaStar League":"Master1","Opponent League":"Master1","Opponent race":"protoss","Opponent MMR":5371},{"index":15,"Experiment name":"AlphaStar Final","AlphaStar MMR":5997,"AlphaStar race":"terran","Outcome":"win","Opponent is random":"No","Account":58,"Account game no.":1,"AlphaStar League":"Master1","Opponent League":"Master1","Opponent race":"zerg","Opponent MMR":5969},{"index":16,"Experiment name":"AlphaStar Final","AlphaStar MMR":6018,"AlphaStar race":"terran","Outcome":"win","Opponent is random":"No","Account":62,"Account game no.":1,"AlphaStar League":"Master1","Opponent League":"Master1","Opponent race":"zerg","Opponent MMR":5391},{"index":17,"Experiment name":"AlphaStar Final","AlphaStar MMR":6031,"AlphaStar race":"terran","Outcome":"win","Opponent is random":"No","Account":60,"Account game no.":1,"AlphaStar League":"Master1","Opponent League":"Master1","Opponent race":"zerg","Opponent MMR":5252},{"index":18,"Experiment name":"AlphaStar Final","AlphaStar MMR":6039,"AlphaStar race":"terran","Outcome":"win","Opponent is random":"No","Account":61,"Account game no.":1,"AlphaStar League":"Master1","Opponent League":"Unranked","Opponent race":"protoss","Opponent MMR":5093},{"index":19,"Experiment name":"AlphaStar Final","AlphaStar MMR":6159,"AlphaStar race":"terran","Outcome":"win","Opponent is random":"No","Account":57,"Account game no.":1,"AlphaStar League":"Master1","Opponent League":"GM","Opponent race":"terran","Opponent MMR":6774},{"index":20,"Experiment name":"AlphaStar Final","AlphaStar MMR":6098,"AlphaStar race":"terran","Outcome":"loss","Opponent is random":"No","Account":58,"Account game no.":2,"AlphaStar League":"Master1","Opponent League":"GM","Opponent race":"protoss","Opponent MMR":6022},{"index":21,"Experiment name":"AlphaStar Final","AlphaStar MMR":6121,"AlphaStar race":"terran","Outcome":"win","Opponent is random":"No","Account":62,"Account game no.":2,"AlphaStar League":"Master1","Opponent League":"GM","Opponent race":"zerg","Opponent MMR":5671},{"index":22,"Experiment name":"AlphaStar Final","AlphaStar MMR":6073,"AlphaStar race":"terran","Outcome":"loss","Opponent is random":"No","Account":60,"Account game no.":2,"AlphaStar League":"Master1","Opponent League":"GM","Opponent race":"zerg","Opponent MMR":6070},{"index":23,"Experiment name":"AlphaStar Final","AlphaStar MMR":6109,"AlphaStar race":"terran","Outcome":"win","Opponent is random":"No","Account":61,"Account game no.":2,"AlphaStar League":"Master1","Opponent League":"GM","Opponent race":"terran","Opponent MMR":5963},{"index":24,"Experiment name":"AlphaStar Final","AlphaStar MMR":6073,"AlphaStar race":"terran","Outcome":"loss","Opponent is random":"No","Account":57,"Account game no.":2,"AlphaStar League":"Master1","Opponent League":"GM","Opponent race":"protoss","Opponent MMR":6181},{"index":25,"Experiment name":"AlphaStar Final","AlphaStar MMR":6057,"AlphaStar race":"terran","Outcome":"loss","Opponent is random":"No","Account":58,"Account game no.":3,"AlphaStar League":"Master1","Opponent League":"GM","Opponent race":"protoss","Opponent MMR":6584},{"index":26,"Experiment name":"AlphaStar Final","AlphaStar MMR":5979,"AlphaStar race":"terran","Outcome":"loss","Opponent is random":"No","Account":62,"Account game no.":3,"AlphaStar League":"Master1","Opponent League":"Master1","Opponent race":"zerg","Opponent MMR":5320},{"index":27,"Experiment name":"AlphaStar Final","AlphaStar MMR":6033,"AlphaStar race":"terran","Outcome":"win","Opponent is random":"No","Account":60,"Account game no.":3,"AlphaStar League":"Master1","Opponent League":"Master1","Opponent race":"protoss","Opponent MMR":6373},{"index":28,"Experiment name":"AlphaStar Final","AlphaStar MMR":6056,"AlphaStar race":"terran","Outcome":"win","Opponent is random":"No","Account":61,"Account game no.":3,"AlphaStar League":"Master1","Opponent League":"Master1","Opponent race":"terran","Opponent MMR":5817},{"index":29,"Experiment name":"AlphaStar Final","AlphaStar MMR":6048,"AlphaStar race":"terran","Outcome":"loss","Opponent is random":"No","Account":57,"Account game no.":3,"AlphaStar League":"Master1","Opponent League":"GM","Opponent race":"terran","Opponent MMR":6778},{"index":30,"Experiment name":"AlphaStar Final","AlphaStar MMR":-1,"AlphaStar race":"zerg","Outcome":"win","Opponent is random":"No","Account":69,"Account game no.":1,"AlphaStar League":"Master1","Opponent League":"Master1","Opponent race":"protoss","Opponent MMR":5521},{"index":31,"Experiment name":"AlphaStar Final","AlphaStar MMR":-1,"AlphaStar race":"zerg","Outcome":"win","Opponent is random":"No","Account":71,"Account game no.":1,"AlphaStar League":"Master1","Opponent League":"Master1","Opponent race":"protoss","Opponent MMR":5282},{"index":32,"Experiment name":"AlphaStar Final","AlphaStar MMR":-1,"AlphaStar race":"zerg","Outcome":"win","Opponent is random":"No","Account":75,"Account game no.":1,"AlphaStar League":"Master1","Opponent League":"Master1","Opponent race":"protoss","Opponent MMR":5329},{"index":33,"Experiment name":"AlphaStar Final","AlphaStar MMR":5907,"AlphaStar race":"zerg","Outcome":"loss","Opponent is random":"No","Account":65,"Account game no.":1,"AlphaStar League":"Master1","Opponent League":"Master1","Opponent race":"terran","Opponent MMR":5772},{"index":34,"Experiment name":"AlphaStar Final","AlphaStar MMR":5977,"AlphaStar race":"zerg","Outcome":"win","Opponent is random":"No","Account":72,"Account game no.":1,"AlphaStar League":"Master1","Opponent League":"Master1","Opponent race":"zerg","Opponent MMR":5300},{"index":35,"Experiment name":"AlphaStar Final","AlphaStar MMR":6175,"AlphaStar race":"zerg","Outcome":"win","Opponent is random":"No","Account":69,"Account game no.":2,"AlphaStar League":"Master1","Opponent League":"GM","Opponent race":"zerg","Opponent MMR":6053},{"index":36,"Experiment name":"AlphaStar Final","AlphaStar MMR":6192,"AlphaStar race":"zerg","Outcome":"win","Opponent is random":"No","Account":71,"Account game no.":2,"AlphaStar League":"Master1","Opponent League":"Master1","Opponent race":"protoss","Opponent MMR":5127},{"index":37,"Experiment name":"AlphaStar Final","AlphaStar MMR":6208,"AlphaStar race":"zerg","Outcome":"win","Opponent is random":"No","Account":75,"Account game no.":2,"AlphaStar League":"Master1","Opponent League":"Master1","Opponent race":"terran","Opponent MMR":5129},{"index":38,"Experiment name":"AlphaStar Final","AlphaStar MMR":6327,"AlphaStar race":"zerg","Outcome":"win","Opponent is random":"No","Account":65,"Account game no.":2,"AlphaStar League":"Master1","Opponent League":"GM","Opponent race":"zerg","Opponent MMR":6030},{"index":39,"Experiment name":"AlphaStar Final","AlphaStar MMR":5968,"AlphaStar race":"zerg","Outcome":"loss","Opponent is random":"No","Account":72,"Account game no.":2,"AlphaStar League":"Master1","Opponent League":"Master1","Opponent race":"terran","Opponent MMR":5017},{"index":40,"Experiment name":"AlphaStar Final","AlphaStar MMR":5945,"AlphaStar race":"zerg","Outcome":"loss","Opponent is random":"No","Account":69,"Account game no.":3,"AlphaStar League":"Master1","Opponent League":"GM","Opponent race":"protoss","Opponent MMR":6688},{"index":41,"Experiment name":"AlphaStar Final","AlphaStar MMR":5975,"AlphaStar race":"zerg","Outcome":"win","Opponent is random":"No","Account":71,"Account game no.":3,"AlphaStar League":"Master1","Opponent League":"Master1","Opponent race":"protoss","Opponent MMR":5369},{"index":42,"Experiment name":"AlphaStar Final","AlphaStar MMR":5816,"AlphaStar race":"zerg","Outcome":"loss","Opponent is random":"No","Account":75,"Account game no.":3,"AlphaStar League":"Master1","Opponent League":"Master1","Opponent race":"protoss","Opponent MMR":5211},{"index":43,"Experiment name":"AlphaStar Final","AlphaStar MMR":5771,"AlphaStar race":"zerg","Outcome":"loss","Opponent is random":"No","Account":65,"Account game no.":3,"AlphaStar League":"Master1","Opponent League":"Master1","Opponent race":"terran","Opponent MMR":6021},{"index":44,"Experiment name":"AlphaStar Final","AlphaStar MMR":5824,"AlphaStar race":"zerg","Outcome":"win","Opponent is random":"No","Account":72,"Account game no.":3,"AlphaStar League":"Master1","Opponent League":"GM","Opponent race":"protoss","Opponent MMR":5713},{"index":45,"Experiment name":"AlphaStar Final","AlphaStar MMR":5773,"AlphaStar race":"zerg","Outcome":"loss","Opponent is random":"No","Account":70,"Account game no.":1,"AlphaStar League":"Master1","Opponent League":"GM","Opponent race":"terran","Opponent MMR":5860},{"index":46,"Experiment name":"AlphaStar Final","AlphaStar MMR":5807,"AlphaStar race":"zerg","Outcome":"win","Opponent is random":"No","Account":73,"Account game no.":1,"AlphaStar League":"Master1","Opponent League":"Master1","Opponent race":"terran","Opponent MMR":5533},{"index":47,"Experiment name":"AlphaStar Final","AlphaStar MMR":5796,"AlphaStar race":"zerg","Outcome":"loss","Opponent is random":"No","Account":66,"Account game no.":1,"AlphaStar League":"Master1","Opponent League":"GM","Opponent race":"protoss","Opponent MMR":6566},{"index":48,"Experiment name":"AlphaStar Final","AlphaStar MMR":5827,"AlphaStar race":"zerg","Outcome":"win","Opponent is random":"No","Account":74,"Account game no.":1,"AlphaStar League":"Master1","Opponent League":"Master1","Opponent race":"protoss","Opponent MMR":5535},{"index":49,"Experiment name":"AlphaStar Final","AlphaStar MMR":5801,"AlphaStar race":"zerg","Outcome":"loss","Opponent is random":"No","Account":68,"Account game no.":1,"AlphaStar League":"Master1","Opponent League":"GM","Opponent race":"protoss","Opponent MMR":6156},{"index":50,"Experiment name":"AlphaStar Final","AlphaStar MMR":5731,"AlphaStar race":"zerg","Outcome":"loss","Opponent is random":"No","Account":70,"Account game no.":2,"AlphaStar League":"Master1","Opponent League":"Master1","Opponent race":"protoss","Opponent MMR":5345},{"index":51,"Experiment name":"AlphaStar Final","AlphaStar MMR":5766,"AlphaStar race":"zerg","Outcome":"win","Opponent is random":"No","Account":73,"Account game no.":2,"AlphaStar League":"Master1","Opponent League":"Master1","Opponent race":"terran","Opponent MMR":5650},{"index":52,"Experiment name":"AlphaStar Final","AlphaStar MMR":5844,"AlphaStar race":"zerg","Outcome":"win","Opponent is random":"No","Account":66,"Account game no.":2,"AlphaStar League":"Master1","Opponent League":"GM","Opponent race":"zerg","Opponent MMR":6466},{"index":53,"Experiment name":"AlphaStar Final","AlphaStar MMR":5854,"AlphaStar race":"zerg","Outcome":"win","Opponent is random":"No","Account":74,"Account game no.":2,"AlphaStar League":"Master1","Opponent League":"Master1","Opponent race":"terran","Opponent MMR":5182},{"index":54,"Experiment name":"AlphaStar Final","AlphaStar MMR":5831,"AlphaStar race":"zerg","Outcome":"loss","Opponent is random":"No","Account":68,"Account game no.":2,"AlphaStar League":"Master1","Opponent League":"GM","Opponent race":"protoss","Opponent MMR":6117},{"index":55,"Experiment name":"AlphaStar Final","AlphaStar MMR":5790,"AlphaStar race":"zerg","Outcome":"loss","Opponent is random":"No","Account":70,"Account game no.":3,"AlphaStar League":"Master1","Opponent League":"Master1","Opponent race":"terran","Opponent MMR":5650},{"index":56,"Experiment name":"AlphaStar Final","AlphaStar MMR":5756,"AlphaStar race":"zerg","Outcome":"loss","Opponent is random":"No","Account":73,"Account game no.":3,"AlphaStar League":"Master1","Opponent League":"GM","Opponent race":"zerg","Opponent MMR":5710},{"index":57,"Experiment name":"AlphaStar Final","AlphaStar MMR":5795,"AlphaStar race":"zerg","Outcome":"win","Opponent is random":"No","Account":66,"Account game no.":3,"AlphaStar League":"Master1","Opponent League":"GM","Opponent race":"zerg","Opponent MMR":5971},{"index":58,"Experiment name":"AlphaStar Final","AlphaStar MMR":5816,"AlphaStar race":"zerg","Outcome":"win","Opponent is random":"Yes","Account":74,"Account game no.":3,"AlphaStar League":"Master1","Opponent League":"GM","Opponent race":"terran","Opponent MMR":5600},{"index":59,"Experiment name":"AlphaStar Final","AlphaStar MMR":5835,"AlphaStar race":"zerg","Outcome":"win","Opponent is random":"No","Account":68,"Account game no.":3,"AlphaStar League":"Master1","Opponent League":"GM","Opponent race":"protoss","Opponent MMR":5587},{"index":60,"Experiment name":"AlphaStar Final","AlphaStar MMR":-1,"AlphaStar race":"protoss","Outcome":"win","Opponent is random":"No","Account":82,"Account game no.":1,"AlphaStar League":"Master1","Opponent League":"GM","Opponent race":"zerg","Opponent MMR":5641},{"index":61,"Experiment name":"AlphaStar Final","AlphaStar MMR":-1,"AlphaStar race":"protoss","Outcome":"win","Opponent is random":"No","Account":84,"Account game no.":1,"AlphaStar League":"Master1","Opponent League":"Master1","Opponent race":"protoss","Opponent MMR":5418},{"index":62,"Experiment name":"AlphaStar Final","AlphaStar MMR":-1,"AlphaStar race":"protoss","Outcome":"win","Opponent is random":"No","Account":88,"Account game no.":1,"AlphaStar League":"Master1","Opponent League":"Master1","Opponent race":"protoss","Opponent MMR":5268},{"index":63,"Experiment name":"AlphaStar Final","AlphaStar MMR":-1,"AlphaStar race":"protoss","Outcome":"win","Opponent is random":"No","Account":78,"Account game no.":1,"AlphaStar League":"Master1","Opponent League":"GM","Opponent race":"zerg","Opponent MMR":5947},{"index":64,"Experiment name":"AlphaStar Final","AlphaStar MMR":-1,"AlphaStar race":"protoss","Outcome":"win","Opponent is random":"No","Account":85,"Account game no.":1,"AlphaStar League":"Master1","Opponent League":"Master1","Opponent race":"terran","Opponent MMR":5555},{"index":65,"Experiment name":"AlphaStar Final","AlphaStar MMR":-1,"AlphaStar race":"protoss","Outcome":"win","Opponent is random":"No","Account":82,"Account game no.":2,"AlphaStar League":"Master1","Opponent League":"Master1","Opponent race":"zerg","Opponent MMR":5260},{"index":66,"Experiment name":"AlphaStar Final","AlphaStar MMR":-1,"AlphaStar race":"protoss","Outcome":"win","Opponent is random":"No","Account":84,"Account game no.":2,"AlphaStar League":"Master1","Opponent League":"Master1","Opponent race":"zerg","Opponent MMR":5433},{"index":67,"Experiment name":"AlphaStar Final","AlphaStar MMR":-1,"AlphaStar race":"protoss","Outcome":"win","Opponent is random":"No","Account":88,"Account game no.":2,"AlphaStar League":"Master1","Opponent League":"GM","Opponent race":"zerg","Opponent MMR":5623},{"index":68,"Experiment name":"AlphaStar Final","AlphaStar MMR":6364,"AlphaStar race":"protoss","Outcome":"loss","Opponent is random":"No","Account":78,"Account game no.":2,"AlphaStar League":"Master1","Opponent League":"GM","Opponent race":"protoss","Opponent MMR":5973},{"index":69,"Experiment name":"AlphaStar Final","AlphaStar MMR":6408,"AlphaStar race":"protoss","Outcome":"win","Opponent is random":"No","Account":85,"Account game no.":2,"AlphaStar League":"Master1","Opponent League":"GM","Opponent race":"zerg","Opponent MMR":5688},{"index":70,"Experiment name":"AlphaStar Final","AlphaStar MMR":6415,"AlphaStar race":"protoss","Outcome":"win","Opponent is random":"No","Account":82,"Account game no.":3,"AlphaStar League":"Master1","Opponent League":"Master1","Opponent race":"protoss","Opponent MMR":5152},{"index":71,"Experiment name":"AlphaStar Final","AlphaStar MMR":6451,"AlphaStar race":"protoss","Outcome":"win","Opponent is random":"No","Account":84,"Account game no.":3,"AlphaStar League":"Master1","Opponent League":"GM","Opponent race":"protoss","Opponent MMR":5689},{"index":72,"Experiment name":"AlphaStar Final","AlphaStar MMR":6471,"AlphaStar race":"protoss","Outcome":"win","Opponent is random":"No","Account":88,"Account game no.":3,"AlphaStar League":"Master1","Opponent League":"Master1","Opponent race":"protoss","Opponent MMR":5524},{"index":73,"Experiment name":"AlphaStar Final","AlphaStar MMR":6307,"AlphaStar race":"protoss","Outcome":"loss","Opponent is random":"No","Account":78,"Account game no.":3,"AlphaStar League":"Master1","Opponent League":"GM","Opponent race":"protoss","Opponent MMR":6128},{"index":74,"Experiment name":"AlphaStar Final","AlphaStar MMR":6309,"AlphaStar race":"protoss","Outcome":"win","Opponent is random":"No","Account":85,"Account game no.":3,"AlphaStar League":"Master1","Opponent League":"Master1","Opponent race":"terran","Opponent MMR":4896},{"index":75,"Experiment name":"AlphaStar Final","AlphaStar MMR":6331,"AlphaStar race":"protoss","Outcome":"win","Opponent is random":"No","Account":89,"Account game no.":1,"AlphaStar League":"Master1","Opponent League":"GM","Opponent race":"zerg","Opponent MMR":5561},{"index":76,"Experiment name":"AlphaStar Final","AlphaStar MMR":6343,"AlphaStar race":"protoss","Outcome":"win","Opponent is random":"No","Account":90,"Account game no.":1,"AlphaStar League":"Master1","Opponent League":"Master1","Opponent race":"terran","Opponent MMR":5376},{"index":77,"Experiment name":"AlphaStar Final","AlphaStar MMR":6345,"AlphaStar race":"protoss","Outcome":"win","Opponent is random":"No","Account":91,"Account game no.":1,"AlphaStar League":"Master1","Opponent League":"Master1","Opponent race":"protoss","Opponent MMR":4939},{"index":78,"Experiment name":"AlphaStar Final","AlphaStar MMR":6358,"AlphaStar race":"protoss","Outcome":"win","Opponent is random":"No","Account":92,"Account game no.":1,"AlphaStar League":"Master1","Opponent League":"Master1","Opponent race":"protoss","Opponent MMR":5448},{"index":79,"Experiment name":"AlphaStar Final","AlphaStar MMR":6385,"AlphaStar race":"protoss","Outcome":"win","Opponent is random":"No","Account":93,"Account game no.":1,"AlphaStar League":"Master1","Opponent League":"Master1","Opponent race":"protoss","Opponent MMR":5732},{"index":80,"Experiment name":"AlphaStar Final","AlphaStar MMR":6309,"AlphaStar race":"protoss","Outcome":"loss","Opponent is random":"No","Account":89,"Account game no.":2,"AlphaStar League":"Master1","Opponent League":"Master1","Opponent race":"protoss","Opponent MMR":6367},{"index":81,"Experiment name":"AlphaStar Final","AlphaStar MMR":6339,"AlphaStar race":"protoss","Outcome":"win","Opponent is random":"No","Account":90,"Account game no.":2,"AlphaStar League":"Master1","Opponent League":"GM","Opponent race":"protoss","Opponent MMR":5826},{"index":82,"Experiment name":"AlphaStar Final","AlphaStar MMR":6353,"AlphaStar race":"protoss","Outcome":"win","Opponent is random":"No","Account":91,"Account game no.":2,"AlphaStar League":"Master1","Opponent League":"Master1","Opponent race":"terran","Opponent MMR":5549},{"index":83,"Experiment name":"AlphaStar Final","AlphaStar MMR":6363,"AlphaStar race":"protoss","Outcome":"win","Opponent is random":"No","Account":92,"Account game no.":2,"AlphaStar League":"Master1","Opponent League":"Master1","Opponent race":"zerg","Opponent MMR":5460},{"index":84,"Experiment name":"AlphaStar Final","AlphaStar MMR":6379,"AlphaStar race":"protoss","Outcome":"win","Opponent is random":"No","Account":93,"Account game no.":2,"AlphaStar League":"Master1","Opponent League":"GM","Opponent race":"zerg","Opponent MMR":5638},{"index":85,"Experiment name":"AlphaStar Final","AlphaStar MMR":6395,"AlphaStar race":"protoss","Outcome":"win","Opponent is random":"No","Account":89,"Account game no.":3,"AlphaStar League":"Master1","Opponent League":"GM","Opponent race":"protoss","Opponent MMR":5673},{"index":86,"Experiment name":"AlphaStar Final","AlphaStar MMR":6347,"AlphaStar race":"protoss","Outcome":"loss","Opponent is random":"No","Account":90,"Account game no.":3,"AlphaStar League":"Master1","Opponent League":"GM","Opponent race":"zerg","Opponent MMR":6517},{"index":87,"Experiment name":"AlphaStar Final","AlphaStar MMR":6238,"AlphaStar race":"protoss","Outcome":"loss","Opponent is random":"No","Account":91,"Account game no.":3,"AlphaStar League":"Master1","Opponent League":"Master1","Opponent race":"zerg","Opponent MMR":5579},{"index":88,"Experiment name":"AlphaStar Final","AlphaStar MMR":6254,"AlphaStar race":"protoss","Outcome":"win","Opponent is random":"No","Account":92,"Account game no.":3,"AlphaStar League":"Master1","Opponent League":"GM","Opponent race":"protoss","Opponent MMR":5663},{"index":89,"Experiment name":"AlphaStar Final","AlphaStar MMR":6275,"AlphaStar race":"protoss","Outcome":"win","Opponent is random":"No","Account":93,"Account game no.":3,"AlphaStar League":"Master1","Opponent League":"GM","Opponent race":"zerg","Opponent MMR":5823}]}